Query_Str,Post_URL,Author_Name,Author_Web_Page_URL,Author_Handle,Verified_Status,UTC_Time,Ads,Tweet_Content,Post_ID,Tweet_URL,Reply_Count,Repost_Count,Like_Count,View_Count,Bookmark_Count,Tweet_Image_URL,Replying_to,Reply_to_Whom,Reply_to_Whom_URL,Reply_to_Whom_Username,Reply_to_Whom_Handle,Language
Puerto Rico (tsunami OR sismo OR terremoto OR Caribe OR alerta OR aviso OR evacuaci√≥n OR costa OR alert OR advisory OR advertencia) min_retweets:5,https://x.com/search?q=Puerto Rico (tsunami OR sismo OR terremoto OR Caribe OR alerta OR aviso OR evacuaci√≥n OR costa OR alert OR advisory OR advertencia) min_retweets:5 until:2025-02-08 since:2025-02-07&src=typed_query,sia ‚ùÑÔ∏è | fan,https://x.com/lalisalovemme,lalisalovemme,True,2025-02-07 00:08:19+00:00,False,"THIS IS A 9.9 MAGNITUDE MOTHERSQUAKE!!!!

#DOJAxLISAxRAYE
#LISAxBornAgain https://t.co/hi7JA0rTzM",1.8876545901972524e+18,https://x.com/lalisalovemme/status/1887654590197252259,52.0,1475,4621,60693,66,https://pbs.twimg.com/ext_tw_video_thumb/1887654545750110208/pu/img/E81qxMjP-YAh9g6r.jpg,False,,,,,en
Puerto Rico (tsunami OR sismo OR terremoto OR Caribe OR alerta OR aviso OR evacuaci√≥n OR costa OR alert OR advisory OR advertencia) min_retweets:5,https://x.com/search?q=Puerto Rico (tsunami OR sismo OR terremoto OR Caribe OR alerta OR aviso OR evacuaci√≥n OR costa OR alert OR advisory OR advertencia) min_retweets:5 until:2025-02-08 since:2025-02-07&src=typed_query,Ge√≥l. Sergio Almaz√°n,https://x.com/chematierra,chematierra,True,2025-02-07 14:07:39+00:00,False,"AVISO üî¥
Enjambre s√≠smico intenso cercano a #Santorini #Grecia üá¨üá∑ 
Grecia declara estado de emergencia durante un mes, hasta el 3 de marzo, en Santorini tras la serie de #terremotos
M√°s de 10,000 residentes y trabajadores han sido evacuados 
Los expertos indican que los temblores https://t.co/EXZOt4pAMI",1.887865813895373e+18,https://x.com/chematierra/status/1887865813895373046,4.0,89,221,8646,5,https://pbs.twimg.com/media/GjML8z7WEAAeZgK.jpg,False,,,,,es
Puerto Rico (tsunami OR sismo OR terremoto OR Caribe OR alerta OR aviso OR evacuaci√≥n OR costa OR alert OR advisory OR advertencia) min_retweets:5,https://x.com/search?q=Puerto Rico (tsunami OR sismo OR terremoto OR Caribe OR alerta OR aviso OR evacuaci√≥n OR costa OR alert OR advisory OR advertencia) min_retweets:5 until:2025-02-08 since:2025-02-07&src=typed_query,Jack Straw,https://x.com/JackStr42679640,JackStr42679640,True,2025-02-07 11:43:05+00:00,False,"üö®Guantanamo Bay Alert! (Watch till end)üö®
¬†
The #PremierSector upped the difficulty level. Additional barriers added make getting away nearly impossible.
¬†
Still wanna try? Just know you might unlock a stay in #GuantanamoBay
¬†
Consequences await those who don‚Äôt heed the warning. https://t.co/aPVWtiTd7D",1.887829433228391e+18,https://x.com/JackStr42679640/status/1887829433228390868,10.0,174,427,15428,46,https://pbs.twimg.com/ext_tw_video_thumb/1887829279653990401/pu/img/dgd7Yavu-6PsL53Q.jpg,False,,,,,en
Puerto Rico (tsunami OR sismo OR terremoto OR Caribe OR alerta OR aviso OR evacuaci√≥n OR costa OR alert OR advisory OR advertencia) min_retweets:5,https://x.com/search?q=Puerto Rico (tsunami OR sismo OR terremoto OR Caribe OR alerta OR aviso OR evacuaci√≥n OR costa OR alert OR advisory OR advertencia) min_retweets:5 until:2025-02-08 since:2025-02-07&src=typed_query,Belen Larchens üíõüêæüêæ,https://x.com/belenlarchens,belenlarchens,False,2025-02-07 23:07:14+00:00,False,"El municipio de #ElBols√≥n inform√≥ : ¬´se ordena la evacuaci√≥n gradual y ordenada de Las Perlas del Azul, desde Para√≠so y Hue Nain hacia el norte, Dulcer√≠a, Cascada Escondida, Loma del Medio, Do√±a Rosa, Camping Los Alerces, Campo Base, Camping del R√≠o Azul hasta el Paralelo¬ª.üò≠üò≠ https://t.co/QZtFJTgOFX",1.8880016048609203e+18,https://x.com/belenlarchens/status/1888001604860920294,50.0,502,467,9041,4,https://pbs.twimg.com/media/GjOHcENXoAAlZnc.jpg,False,,,,,es
Puerto Rico (tsunami OR sismo OR terremoto OR Caribe OR alerta OR aviso OR evacuaci√≥n OR costa OR alert OR advisory OR advertencia) min_retweets:5,https://x.com/search?q=Puerto Rico (tsunami OR sismo OR terremoto OR Caribe OR alerta OR aviso OR evacuaci√≥n OR costa OR alert OR advisory OR advertencia) min_retweets:5 until:2025-02-08 since:2025-02-07&src=typed_query,SkyAlert,https://x.com/SkyAlertMx,SkyAlertMx,True,2025-02-07 02:43:14+00:00,False,"#Sismo magnitud 4.0 (SSN) ubicado a 14 km al sur de #Pinotepa, Oaxaca.

Detectado por @REDSkyAlert con intensidad ¬´leve¬ª en zona del epicentro. https://t.co/zTDSbL9Hel",1.8876935746505935e+18,https://x.com/SkyAlertMx/status/1887693574650593785,0.0,25,229,15918,1,https://pbs.twimg.com/media/GjJvTPaXwAAxZCN.jpg;https://pbs.twimg.com/media/GjJvTPZXEAAO75l.jpg,False,,,,,es
Puerto Rico (tsunami OR sismo OR terremoto OR Caribe OR alerta OR aviso OR evacuaci√≥n OR costa OR alert OR advisory OR advertencia) min_retweets:5,https://x.com/search?q=Puerto Rico (tsunami OR sismo OR terremoto OR Caribe OR alerta OR aviso OR evacuaci√≥n OR costa OR alert OR advisory OR advertencia) min_retweets:5 until:2025-02-08 since:2025-02-07&src=typed_query,El Canario Optimista,https://x.com/ElCanarioOptimi,ElCanarioOptimi,False,2025-02-07 11:21:23+00:00,False,Mucho est√° tardando alguien en decir que el bicho este ha salido a la superficie porque abajo se huele un terremoto o alguna erupci√≥n. https://t.co/lisCjTxd0q,1.8878239726386053e+18,https://x.com/ElCanarioOptimi/status/1887823972638605369,37.0,25,235,19405,9,https://pbs.twimg.com/media/GjLl3CiWMAACnHR.png,False,,,,,es
Puerto Rico (tsunami OR sismo OR terremoto OR Caribe OR alerta OR aviso OR evacuaci√≥n OR costa OR alert OR advisory OR advertencia) min_retweets:5,https://x.com/search?q=Puerto Rico (tsunami OR sismo OR terremoto OR Caribe OR alerta OR aviso OR evacuaci√≥n OR costa OR alert OR advisory OR advertencia) min_retweets:5 until:2025-02-08 since:2025-02-07&src=typed_query,SASSLA,https://x.com/SasslaMx,SasslaMx,True,2025-02-07 21:20:59+00:00,False,"#Sismo en progreso. Tiempo Estimado de Llegada: 

CDMX: üü¢ --
CHI: üü¢ --
ACA: üü¢ --
OAX: üü¢ --
MOR: üü¢ --
COL: üîµ 3596 seg.
GDL: üü¢ --
PUE: üü¢ --
CVCA: üü¢ --
TOL: üü¢ --

16:20:58 #SASSLA #EQW",1.8879748657868764e+18,https://x.com/SasslaMx/status/1887974865786876313,128.0,28,502,84291,33,,False,,,,,es
Puerto Rico (tsunami OR sismo OR terremoto OR Caribe OR alerta OR aviso OR evacuaci√≥n OR costa OR alert OR advisory OR advertencia) min_retweets:5,https://x.com/search?q=Puerto Rico (tsunami OR sismo OR terremoto OR Caribe OR alerta OR aviso OR evacuaci√≥n OR costa OR alert OR advisory OR advertencia) min_retweets:5 until:2025-02-08 since:2025-02-07&src=typed_query,DELPY üì±üé¨,https://x.com/delpynews,delpynews,True,2025-02-07 22:44:39+00:00,False,"‚ñ∂Ô∏è DESESPERANTE | üî•üî•

üò±As√≠ avanza el incendio de enorme magnitud en la Ruta Luque-Sanber.

üöíLos Bomberos trabajan arduamente para intentar controlar el fuego.

üìåExiste un trabajo conjunto de varias instituciones, FAP, SEN y CBVP.

üé•@PyBomberos https://t.co/54nYyXHbHO",1.8879959193264745e+18,https://x.com/delpynews/status/1887995919326474563,42.0,226,969,83871,49,https://pbs.twimg.com/ext_tw_video_thumb/1887995254294433794/pu/img/icwWDEbK3Qbvp0Co.jpg,False,,,,,es
Puerto Rico (tsunami OR sismo OR terremoto OR Caribe OR alerta OR aviso OR evacuaci√≥n OR costa OR alert OR advisory OR advertencia) min_retweets:5,https://x.com/search?q=Puerto Rico (tsunami OR sismo OR terremoto OR Caribe OR alerta OR aviso OR evacuaci√≥n OR costa OR alert OR advisory OR advertencia) min_retweets:5 until:2025-02-08 since:2025-02-07&src=typed_query,Jose Mu√±oz,https://x.com/JMLladro,JMLladro,True,2025-02-07 13:35:41+00:00,False,Todos los caminos conducen al mismo sitio: La alerta el d√≠a de la DANA lleg√≥ tarde porque Maz√≥n estaba de sobremesa en el Ventorro. https://t.co/EJBJhAPxco,1.887857768314688e+18,https://x.com/JMLladro/status/1887857768314687707,43.0,255,542,6656,1,https://pbs.twimg.com/amplify_video_thumb/1887857372137144320/img/J1G91547FTm5P-9f.jpg,False,,,,,es
Puerto Rico (tsunami OR sismo OR terremoto OR Caribe OR alerta OR aviso OR evacuaci√≥n OR costa OR alert OR advisory OR advertencia) min_retweets:5,https://x.com/search?q=Puerto Rico (tsunami OR sismo OR terremoto OR Caribe OR alerta OR aviso OR evacuaci√≥n OR costa OR alert OR advisory OR advertencia) min_retweets:5 until:2025-02-08 since:2025-02-07&src=typed_query,Sismologico Nacional,https://x.com/SismologicoMX,SismologicoMX,True,2025-02-07 02:43:05+00:00,False,"SISMO Magnitud 4.0 Loc  14 km al SUR de PINOTEPA NACIONAL, OAX 06/02/25 20:22:54 Lat 16.21 Lon -98.06 Pf 6 km https://t.co/yKM5JifzLL",1.8876935381437076e+18,https://x.com/SismologicoMX/status/1887693538143707347,3.0,22,209,23921,1,https://pbs.twimg.com/media/GjJvRUIbIAM_Kbo.png,False,,,,,es
Puerto Rico (tsunami OR sismo OR terremoto OR Caribe OR alerta OR aviso OR evacuaci√≥n OR costa OR alert OR advisory OR advertencia) min_retweets:5,https://x.com/search?q=Puerto Rico (tsunami OR sismo OR terremoto OR Caribe OR alerta OR aviso OR evacuaci√≥n OR costa OR alert OR advisory OR advertencia) min_retweets:5 until:2025-02-09 since:2025-02-08&src=typed_query,SASSLA,https://x.com/SasslaMx,SasslaMx,True,2025-02-08 23:38:58+00:00,False,"#√öltimaHora | Se registra #sismo de magnitud 8.0 en el Mar Caribe, cerca de las Islas Caim√°n.

Informaci√≥n en desarrollo. #EQW https://t.co/hHDEAcbtmL",1.8883719781694505e+18,https://x.com/SasslaMx/status/1888371978169450624,24.0,305,944,118592,32,https://pbs.twimg.com/media/GjTYGQzXAAARXaN.jpg,False,,,,,es
Puerto Rico (tsunami OR sismo OR terremoto OR Caribe OR alerta OR aviso OR evacuaci√≥n OR costa OR alert OR advisory OR advertencia) min_retweets:5,https://x.com/search?q=Puerto Rico (tsunami OR sismo OR terremoto OR Caribe OR alerta OR aviso OR evacuaci√≥n OR costa OR alert OR advisory OR advertencia) min_retweets:5 until:2025-02-09 since:2025-02-08&src=typed_query,Mundo en Conflicto üåé,https://x.com/MundoEConflicto,MundoEConflicto,True,2025-02-08 23:36:32+00:00,False,üî¥ #URGENTE | Alerta de tsunami para toda Centroam√©rica y algunas partes de Sudam√©rica por el fuerte terremoto de 8.0. https://t.co/hyK7sxkemM,1.8883713677220536e+18,https://x.com/MundoEConflicto/status/1888371367722053756,354.0,6218,40906,5372795,2017,https://pbs.twimg.com/media/GjTXwGoWkAADA0M.jpg,False,,,,,es
Puerto Rico (tsunami OR sismo OR terremoto OR Caribe OR alerta OR aviso OR evacuaci√≥n OR costa OR alert OR advisory OR advertencia) min_retweets:5,https://x.com/search?q=Puerto Rico (tsunami OR sismo OR terremoto OR Caribe OR alerta OR aviso OR evacuaci√≥n OR costa OR alert OR advisory OR advertencia) min_retweets:5 until:2025-02-09 since:2025-02-08&src=typed_query,Ada Monz√≥n,https://x.com/adamonzon,adamonzon,True,2025-02-08 23:52:09+00:00,False,"7:23 pm temblor magnitud preliminar entre 6.3-6.9 en occidente del Caribe, al sur de Islas Cayman. ADVERTENCIA DE TSUNAMI PARA PUERTO RICO Y LAS ISLAS VIRGENES. https://t.co/1q2Xx6LAkp",1.8883752976802775e+18,https://x.com/adamonzon/status/1888375297680277775,32.0,215,630,66527,43,https://pbs.twimg.com/amplify_video_thumb/1888375105253748736/img/CH1YPHYbGzDEP9WF.jpg,False,,,,,es
Puerto Rico (tsunami OR sismo OR terremoto OR Caribe OR alerta OR aviso OR evacuaci√≥n OR costa OR alert OR advisory OR advertencia) min_retweets:5,https://x.com/search?q=Puerto Rico (tsunami OR sismo OR terremoto OR Caribe OR alerta OR aviso OR evacuaci√≥n OR costa OR alert OR advisory OR advertencia) min_retweets:5 until:2025-02-09 since:2025-02-08&src=typed_query,Climagram,https://x.com/deZabedrosky,deZabedrosky,False,2025-02-08 23:39:51+00:00,False,"üá∞üáæ AHORA | Terremoto M7.4 en Islas Caim√°n. (Febrero 08, 2024). #Sismo #Earthquake https://t.co/Ufjl8w6Kuu",1.888372202279441e+18,https://x.com/deZabedrosky/status/1888372202279440730,5.0,150,418,85954,25,https://pbs.twimg.com/ext_tw_video_thumb/1888372191038746624/pu/img/eh2idz7dPMiFhhYl.jpg,False,,,,,es
Puerto Rico (tsunami OR sismo OR terremoto OR Caribe OR alerta OR aviso OR evacuaci√≥n OR costa OR alert OR advisory OR advertencia) min_retweets:5,https://x.com/search?q=Puerto Rico (tsunami OR sismo OR terremoto OR Caribe OR alerta OR aviso OR evacuaci√≥n OR costa OR alert OR advisory OR advertencia) min_retweets:5 until:2025-02-09 since:2025-02-08&src=typed_query,Torsten Prochnow,https://x.com/TorstenProchnow,TorstenProchnow,True,2025-02-08 23:46:43+00:00,False,"@nicksortor A massive 8.0-magnitude earthquake has just struck the Caribbean Sea, triggering tsunami alerts across the region, including U.S. territories like Puerto Rico and the U.S. Virgin Islands. People in coastal areas must immediately move to higher ground, as tsunamis can follow https://t.co/41OkrJR4V0",1.888373930408182e+18,https://x.com/TorstenProchnow/status/1888373930408182142,68.0,112,209,88473,22,https://pbs.twimg.com/media/GjTaBHvWgAA95wj.jpg;https://pbs.twimg.com/amplify_video_thumb/1888373856596881408/img/jRHHCK3bKRD1Kf5o.jpg;https://pbs.twimg.com/media/GjTaBHuW4AAiKZz.jpg,True,nicksortor,https://x.com/nicksortor,Nick Sortor,nicksortor,en
Puerto Rico (tsunami OR sismo OR terremoto OR Caribe OR alerta OR aviso OR evacuaci√≥n OR costa OR alert OR advisory OR advertencia) min_retweets:5,https://x.com/search?q=Puerto Rico (tsunami OR sismo OR terremoto OR Caribe OR alerta OR aviso OR evacuaci√≥n OR costa OR alert OR advisory OR advertencia) min_retweets:5 until:2025-02-09 since:2025-02-08&src=typed_query,U.S. Emergency Alert,https://x.com/ENSAlerts,ENSAlerts,False,2025-02-08 23:43:57+00:00,False,CARIBBEAN: Earthquake measuring 7.5 in the Caribbean Sea. TSUNAMI ADVISORY for Puerto Rico and the U.S. Virgin Islands. (Source: PTWC) https://t.co/iflSNvrVW4,1.8883732310754145e+18,https://x.com/ENSAlerts/status/1888373231075414314,16.0,442,907,140691,56,https://pbs.twimg.com/media/GjTZZRdWMAAVrcm.png,False,,,,,en
Puerto Rico (tsunami OR sismo OR terremoto OR Caribe OR alerta OR aviso OR evacuaci√≥n OR costa OR alert OR advisory OR advertencia) min_retweets:5,https://x.com/search?q=Puerto Rico (tsunami OR sismo OR terremoto OR Caribe OR alerta OR aviso OR evacuaci√≥n OR costa OR alert OR advisory OR advertencia) min_retweets:5 until:2025-02-09 since:2025-02-08&src=typed_query,Alerta News 24,https://x.com/AlertaNews24,AlertaNews24,True,2025-02-08 23:33:34+00:00,False,üåé | URGENTE: SISMO DE MAGNITUD 8 EN EL MAR CARIBE. https://t.co/pAsyS1okXX,1.8883706182796209e+18,https://x.com/AlertaNews24/status/1888370618279620931,61.0,1112,6100,527258,168,https://pbs.twimg.com/media/GjTXEUwXUAAo6Qv.jpg,False,,,,,es
Puerto Rico (tsunami OR sismo OR terremoto OR Caribe OR alerta OR aviso OR evacuaci√≥n OR costa OR alert OR advisory OR advertencia) min_retweets:5,https://x.com/search?q=Puerto Rico (tsunami OR sismo OR terremoto OR Caribe OR alerta OR aviso OR evacuaci√≥n OR costa OR alert OR advisory OR advertencia) min_retweets:5 until:2025-02-09 since:2025-02-08&src=typed_query,Mario Nawfal,https://x.com/MarioNawfal,MarioNawfal,True,2025-02-08 23:47:39+00:00,False,"üö®BREAKING: MASSIVE 8.0-MAGNITUDE EARTHQUAKE STRIKES CARIBBEAN, TSUNAMI WARNINGS ISSUED

A powerful 8.0-magnitude earthquake has struck the Caribbean Sea, triggering tsunami warnings across the region. 

Authorities are urging residents to seek higher ground immediately as https://t.co/cAxez8FpQS",1.888374164987196e+18,https://x.com/MarioNawfal/status/1888374164987195604,216.0,821,2579,553873,204,https://pbs.twimg.com/media/GjTaBIwWgAEtVN2.png,False,,,,,en
Puerto Rico (tsunami OR sismo OR terremoto OR Caribe OR alerta OR aviso OR evacuaci√≥n OR costa OR alert OR advisory OR advertencia) min_retweets:5,https://x.com/search?q=Puerto Rico (tsunami OR sismo OR terremoto OR Caribe OR alerta OR aviso OR evacuaci√≥n OR costa OR alert OR advisory OR advertencia) min_retweets:5 until:2025-02-09 since:2025-02-08&src=typed_query,Yonnys Obando Bautista,https://x.com/inclaudicable62,inclaudicable62,False,2025-02-08 02:42:03+00:00,False,Atento Sr presidente ‚Å¶@DanielNoboaOk‚Å© los CORREISTAS han montado un centro de c√≥mputo en Qto. Cuidado y nos descuidamos de estas RATAS üêÄ SUCIAS Y DELINCUENTES. CUIDADO.  ECUADOR üá™üá® EST√Å EN ALERTA ROJA. DECLARE EL ESTADO DE EXCEPCI√ìN DEPUES DE LAS VOTACIONES. https://t.co/B2BudlSqWP,1.8880556631730176e+18,https://x.com/inclaudicable62/status/1888055663173017664,87.0,793,1349,27057,25,https://pbs.twimg.com/ext_tw_video_thumb/1888055625256452096/pu/img/Gr7uka5vblI6J8V2.jpg,False,,,,,es
Puerto Rico (tsunami OR sismo OR terremoto OR Caribe OR alerta OR aviso OR evacuaci√≥n OR costa OR alert OR advisory OR advertencia) min_retweets:5,https://x.com/search?q=Puerto Rico (tsunami OR sismo OR terremoto OR Caribe OR alerta OR aviso OR evacuaci√≥n OR costa OR alert OR advisory OR advertencia) min_retweets:5 until:2025-02-09 since:2025-02-08&src=typed_query,SkyAlert,https://x.com/SkyAlertMx,SkyAlertMx,True,2025-02-08 23:55:30+00:00,False,"Actualizaci√≥n #Tsunami 

De acuerdo con los datos de la falla que dio origen al sismo (falla de rumbo), las probabilidades que se origine un tsunami en el Caribe disminuyen considerablemente. https://t.co/W0wOddYGcF",1.8883761397746324e+18,https://x.com/SkyAlertMx/status/1888376139774632378,12.0,251,1009,91552,26,https://pbs.twimg.com/media/GjTbUEOW0AAILzx.jpg;https://pbs.twimg.com/media/GjTbWSmX0AAugEr.png,False,,,,,es
Puerto Rico (tsunami OR sismo OR terremoto OR Caribe OR alerta OR aviso OR evacuaci√≥n OR costa OR alert OR advisory OR advertencia) min_retweets:5,https://x.com/search?q=Puerto Rico (tsunami OR sismo OR terremoto OR Caribe OR alerta OR aviso OR evacuaci√≥n OR costa OR alert OR advisory OR advertencia) min_retweets:5 until:2025-02-09 since:2025-02-08&src=typed_query,Apeùïè,https://x.com/CubanOnlyTrump,CubanOnlyTrump,True,2025-02-08 23:57:32+00:00,False,"BREAKING: Violent magnitude 8 earthquake strikes the Caribbean Sea; awaiting tsunami information

TSUNAMI WARNING

Major Magnitude 8.0 Earthquake - Honduras: 202 km SW of George Town, Cayman Islands

U.S. territories such as Puerto Rico and the U.S. Virgin Islands are impacted https://t.co/XJsYpm6cUN",1.8883766515762012e+18,https://x.com/CubanOnlyTrump/status/1888376651576201406,8.0,86,155,109442,15,https://pbs.twimg.com/amplify_video_thumb/1888376602481897472/img/z0h9Wbp9LGa3EQDW.jpg;https://pbs.twimg.com/media/GjTcg9AWsAAFEJy.jpg,False,,,,,en
Puerto Rico (tsunami OR sismo OR terremoto OR Caribe OR alerta OR aviso OR evacuaci√≥n OR costa OR alert OR advisory OR advertencia) min_retweets:5,https://x.com/search?q=Puerto Rico (tsunami OR sismo OR terremoto OR Caribe OR alerta OR aviso OR evacuaci√≥n OR costa OR alert OR advisory OR advertencia) min_retweets:5 until:2025-02-09 since:2025-02-08&src=typed_query,RealityNotFiction,https://x.com/RealNotFiction,RealNotFiction,False,2025-02-08 23:49:19+00:00,False,#Breaking: US Bouy is currently flashing in the 'Gulf of America' for a tsunami warning. Post 8m earthquake. #earthquake #GulfofAmerica #Tsunami #news https://t.co/MmXLhxZxSv,1.888374583054762e+18,https://x.com/RealNotFiction/status/1888374583054762087,321.0,1008,3421,686070,364,https://pbs.twimg.com/ext_tw_video_thumb/1888374563194421249/pu/img/Biz5TdBEv1Ech6mu.jpg,False,,,,,en
Puerto Rico (tsunami OR sismo OR terremoto OR Caribe OR alerta OR aviso OR evacuaci√≥n OR costa OR alert OR advisory OR advertencia) min_retweets:5,https://x.com/search?q=Puerto Rico (tsunami OR sismo OR terremoto OR Caribe OR alerta OR aviso OR evacuaci√≥n OR costa OR alert OR advisory OR advertencia) min_retweets:5 until:2025-02-09 since:2025-02-08&src=typed_query,krisis hat yj,https://x.com/cuentaDesviada,cuentaDesviada,False,2025-02-08 23:52:35+00:00,False,c√≥mo que hay alerta de tsunami para Puerto Rico wtf https://t.co/WC6qTfYpYW,1.8883754062372293e+18,https://x.com/cuentaDesviada/status/1888375406237229389,6.0,53,373,58440,35,https://pbs.twimg.com/ext_tw_video_thumb/1458241776532271104/pu/img/fNx6qPtuJ6uUgHWC.jpg,False,,,,,es
Puerto Rico (tsunami OR sismo OR terremoto OR Caribe OR alerta OR aviso OR evacuaci√≥n OR costa OR alert OR advisory OR advertencia) min_retweets:5,https://x.com/search?q=Puerto Rico (tsunami OR sismo OR terremoto OR Caribe OR alerta OR aviso OR evacuaci√≥n OR costa OR alert OR advisory OR advertencia) min_retweets:5 until:2025-02-09 since:2025-02-08&src=typed_query,SkyAlert,https://x.com/SkyAlertMx,SkyAlertMx,True,2025-02-08 23:39:35+00:00,False,#√öltimaHora - preliminar #sismo magnitud 8.0 con epicentro en El Caribe https://t.co/yifWMPc1Iv,1.888372132922475e+18,https://x.com/SkyAlertMx/status/1888372132922474900,40.0,915,2890,312074,88,https://pbs.twimg.com/media/GjTYchhXQAAq_ZB.jpg,False,,,,,es
Puerto Rico (tsunami OR sismo OR terremoto OR Caribe OR alerta OR aviso OR evacuaci√≥n OR costa OR alert OR advisory OR advertencia) min_retweets:5,https://x.com/search?q=Puerto Rico (tsunami OR sismo OR terremoto OR Caribe OR alerta OR aviso OR evacuaci√≥n OR costa OR alert OR advisory OR advertencia) min_retweets:5 until:2025-02-09 since:2025-02-08&src=typed_query,In2ThinAir,https://x.com/In2ThinAir,In2ThinAir,True,2025-02-08 23:52:11+00:00,False,"üö®#BREAKING! MAJOR 7.6 Earthquake &amp; TSUNAMI Warning for the Cayman Islands!

WARNING! TSUNAMI Advisory!
 POSSIBLE Tsunami taking place as we speak!

THIS IS MASSIVE!!
#Earthquake #Tsunami https://t.co/Ca6jkUWIa8",1.888375303623397e+18,https://x.com/In2ThinAir/status/1888375303623397497,61.0,379,958,144690,101,https://pbs.twimg.com/ext_tw_video_thumb/1888375030595153920/pu/img/nvXjeS_TxdlYmLkD.jpg,False,,,,,en
Puerto Rico (tsunami OR sismo OR terremoto OR Caribe OR alerta OR aviso OR evacuaci√≥n OR costa OR alert OR advisory OR advertencia) min_retweets:5,https://x.com/search?q=Puerto Rico (tsunami OR sismo OR terremoto OR Caribe OR alerta OR aviso OR evacuaci√≥n OR costa OR alert OR advisory OR advertencia) min_retweets:5 until:2025-02-09 since:2025-02-08&src=typed_query,Forecast Frontier,https://x.com/frontierfcst,frontierfcst,True,2025-02-08 23:47:08+00:00,False,"Important information for #PuertoRico : A #Tsunami advisory is in place for the US Territory. Large, unsurfable waves are possible over the next hour or so for PR, this is in direct relation to the major #Caribbean #earthquake .  

Take proper actions if within Puerto Rico now! https://t.co/zT3NcJoYBz",1.888374034548847e+18,https://x.com/frontierfcst/status/1888374034548847070,1.0,12,15,6713,3,https://pbs.twimg.com/media/GjTaLJQbgAAIPQu.jpg;https://pbs.twimg.com/media/GjTaLInWEAAUsFK.jpg,False,,,,,en
Puerto Rico (tsunami OR sismo OR terremoto OR Caribe OR alerta OR aviso OR evacuaci√≥n OR costa OR alert OR advisory OR advertencia) min_retweets:5,https://x.com/search?q=Puerto Rico (tsunami OR sismo OR terremoto OR Caribe OR alerta OR aviso OR evacuaci√≥n OR costa OR alert OR advisory OR advertencia) min_retweets:5 until:2025-02-09 since:2025-02-08&src=typed_query,Oath of Hypocrisy,https://x.com/LiberalLogic0,LiberalLogic0,True,2025-02-08 23:56:49+00:00,False,"üö® #FOOTAGE #EARTHQUAKE 
POWERFUL 8.0 magnitude earthquake has just struck the Caribbean Sea. Group of diverse filming caught the violent earthquake that resulted in swells. POTENTIAL numerous tsunami alerts to coastal region

U.S. territories such as Puerto Rico and the U.S. https://t.co/uewFrVuEP5",1.888376470587814e+18,https://x.com/LiberalLogic0/status/1888376470587814263,51.0,235,601,210416,145,https://pbs.twimg.com/ext_tw_video_thumb/1888376419614351360/pu/img/3llqeJG12mK2__xR.jpg;https://pbs.twimg.com/ext_tw_video_thumb/1888376458889891840/pu/img/yLAMsf0lW6dU6cXV.jpg,False,,,,,en
Puerto Rico (tsunami OR sismo OR terremoto OR Caribe OR alerta OR aviso OR evacuaci√≥n OR costa OR alert OR advisory OR advertencia) min_retweets:5,https://x.com/search?q=Puerto Rico (tsunami OR sismo OR terremoto OR Caribe OR alerta OR aviso OR evacuaci√≥n OR costa OR alert OR advisory OR advertencia) min_retweets:5 until:2025-02-09 since:2025-02-08&src=typed_query,Dan-i-El,https://x.com/Danielibertari0,Danielibertari0,True,2025-02-08 23:59:30+00:00,False,"@AlertaNews24 üåé ADVERTENCIA DE TSUNAMI PARA PUERTO RICO: Un poderoso terremoto de magnitud 7.6 se registr√≥ en la noche de este s√°bado en el Mar Caribe, cerca de las Islas Caim√°n. https://t.co/3KulnD7CKN",1.888377146986373e+18,https://x.com/Danielibertari0/status/1888377146986373498,0.0,7,14,2082,0,https://pbs.twimg.com/media/GjTdAIpWoAAJRmn.jpg,True,AlertaNews24,https://x.com/AlertaNews24,Alerta News 24,AlertaNews24,es
Puerto Rico (tsunami OR sismo OR terremoto OR Caribe OR alerta OR aviso OR evacuaci√≥n OR costa OR alert OR advisory OR advertencia) min_retweets:5,https://x.com/search?q=Puerto Rico (tsunami OR sismo OR terremoto OR Caribe OR alerta OR aviso OR evacuaci√≥n OR costa OR alert OR advisory OR advertencia) min_retweets:5 until:2025-02-09 since:2025-02-08&src=typed_query,Conservative Brief,https://x.com/ConservBrief,ConservBrief,True,2025-02-08 23:54:20+00:00,False,"BREAKING NOW

HUGE 8.0 earthquake has just hit under the Caribbean Sea, resulting in tsunami warnings for U.S. territories such as Puerto Rico and the U.S, Virgin Islands.

This is a developing story. https://t.co/eKEsJUfVg8",1.8883758472219732e+18,https://x.com/ConservBrief/status/1888375847221973377,3.0,7,27,6261,2,https://pbs.twimg.com/ext_tw_video_thumb/1888375826950868992/pu/img/XZUghcnsaBufBcOi.jpg,False,,,,,en
Puerto Rico (tsunami OR sismo OR terremoto OR Caribe OR alerta OR aviso OR evacuaci√≥n OR costa OR alert OR advisory OR advertencia) min_retweets:5,https://x.com/search?q=Puerto Rico (tsunami OR sismo OR terremoto OR Caribe OR alerta OR aviso OR evacuaci√≥n OR costa OR alert OR advisory OR advertencia) min_retweets:5 until:2025-02-09 since:2025-02-08&src=typed_query,N√∫cleo Noticias,https://x.com/NucleoNoticias,NucleoNoticias,False,2025-02-08 23:49:34+00:00,False,"Fuerte terremoto de magnitud 8.0 sacude las Islas Caim√°n.
USGS pronostica amenaza de tsunami en Jamaica, Cuba, M√©xico, Honduras, Bahamas, Hait√≠, Turcos y Caicos, San Andr√©s, Rep√∫blica Dominicana, Colombia, Panam√°, Puerto Rico, Costa Rica, Aruba, Bonaire, Curacao, Islas V√≠rgenes https://t.co/oencsVLxg5",1.888374644425511e+18,https://x.com/NucleoNoticias/status/1888374644425511033,1.0,24,12,4022,1,https://pbs.twimg.com/media/GjTasmiX0AAWxKr.jpg;https://pbs.twimg.com/media/GjTar31W8AArcMg.jpg,False,,,,,es
Puerto Rico (tsunami OR sismo OR terremoto OR Caribe OR alerta OR aviso OR evacuaci√≥n OR costa OR alert OR advisory OR advertencia) min_retweets:5,https://x.com/search?q=Puerto Rico (tsunami OR sismo OR terremoto OR Caribe OR alerta OR aviso OR evacuaci√≥n OR costa OR alert OR advisory OR advertencia) min_retweets:5 until:2025-02-09 since:2025-02-08&src=typed_query,Red S√≠smica de PR,https://x.com/redsismica,redsismica,False,2025-02-08 23:48:04+00:00,False,"ACTUALIZADA:  8/febrero/2025 07:23:16 PM 
Mag: 6.7 Mb, Int: I MM
Una ADVERTENCIA de tsunami esta en efecto para Puerto Rico e Islas V√≠rgenes
Emitido: 2025-02-08 19:46:08 (GMT-4)
https://t.co/DNZPHRo9NW",1.88837426980291e+18,https://x.com/redsismica/status/1888374269802910025,9.0,110,103,17249,3,,False,,,,,es
Puerto Rico (tsunami OR sismo OR terremoto OR Caribe OR alerta OR aviso OR evacuaci√≥n OR costa OR alert OR advisory OR advertencia) min_retweets:5,https://x.com/search?q=Puerto Rico (tsunami OR sismo OR terremoto OR Caribe OR alerta OR aviso OR evacuaci√≥n OR costa OR alert OR advisory OR advertencia) min_retweets:5 until:2025-02-09 since:2025-02-08&src=typed_query,"Bryan Schuerman, M.A., M.Ed.",https://x.com/BSchuermanWX,BSchuermanWX,True,2025-02-08 23:59:50+00:00,False,#BREAKING: A 7.6 Magnitude Earthquake with a depth of 20 miles has occurred North of Honduras. There is the potential for a weak tsunami to affect Puerto Rico and the Virgin Islands. A #Tsunami Advisory has been issued for Puerto Rico &amp; Virgin Islands. First waves should arrive https://t.co/Wy39RrFWCe,1.888377230599811e+18,https://x.com/BSchuermanWX/status/1888377230599811155,6.0,45,45,28046,7,https://pbs.twimg.com/media/GjTdFUsWAAA7IiL.jpg,False,,,,,en
Puerto Rico (tsunami OR sismo OR terremoto OR Caribe OR alerta OR aviso OR evacuaci√≥n OR costa OR alert OR advisory OR advertencia) min_retweets:5,https://x.com/search?q=Puerto Rico (tsunami OR sismo OR terremoto OR Caribe OR alerta OR aviso OR evacuaci√≥n OR costa OR alert OR advisory OR advertencia) min_retweets:5 until:2025-02-09 since:2025-02-08&src=typed_query,Red S√≠smica de PR,https://x.com/redsismica,redsismica,False,2025-02-08 23:42:06+00:00,False,"PRELIMINAR:  8/febrero/2025 07:23:16 PM 
Mag: 8.0 Mwp, Int: I MM
PTWC: Una ADVERTENCIA de tsunami esta en efecto para Puerto Rico e Islas V√≠rgenes
Emitido: 2025-02-08 19:39:05 (GMT-4)
https://t.co/yxoDY4oNGJ",1.88837276672791e+18,https://x.com/redsismica/status/1888372766727909880,30.0,170,175,46574,7,,False,,,,,es
Puerto Rico (tsunami OR sismo OR terremoto OR Caribe OR alerta OR aviso OR evacuaci√≥n OR costa OR alert OR advisory OR advertencia) min_retweets:5,https://x.com/search?q=Puerto Rico (tsunami OR sismo OR terremoto OR Caribe OR alerta OR aviso OR evacuaci√≥n OR costa OR alert OR advisory OR advertencia) min_retweets:5 until:2025-02-09 since:2025-02-08&src=typed_query,R A W S A L E R T S,https://x.com/rawsalerts,rawsalerts,True,2025-02-08 23:43:25+00:00,False,"üö®#BREAKING: Tsunami alerts and warnings have been issued for all coastlines along the Caribbean Sea after a massive 8.0-magnitude earthquake struck

üìå#Caribbean  

Just moments ago, a massive 8.0-magnitude earthquake struck the Caribbean Sea. The Tsunami Warning Center has https://t.co/82K6FqkeW8",1.8883730983382472e+18,https://x.com/rawsalerts/status/1888373098338247075,490.0,3176,11181,2134882,905,https://pbs.twimg.com/amplify_video_thumb/1888373023901724672/img/QeMc3-WaoUAYbIcZ.jpg,False,,,,,en
Puerto Rico (tsunami OR sismo OR terremoto OR Caribe OR alerta OR aviso OR evacuaci√≥n OR costa OR alert OR advisory OR advertencia) min_retweets:5,https://x.com/search?q=Puerto Rico (tsunami OR sismo OR terremoto OR Caribe OR alerta OR aviso OR evacuaci√≥n OR costa OR alert OR advisory OR advertencia) min_retweets:5 until:2025-02-09 since:2025-02-08&src=typed_query,Radio & Nukes üá∫üá¶,https://x.com/HamWa07,HamWa07,True,2025-02-08 23:58:55+00:00,False,"üö® A tsunami advisory is now in effect for Puerto Rico and the Virgin Islands following a M7.6 earthquake north of Honduras. 

Residents should remain alert for sea level fluctuations and strong currents. Stay tuned to official sources for updates. (NOT this account) https://t.co/uvXuYwmJXT",1.8883769995988544e+18,https://x.com/HamWa07/status/1888376999598854357,1.0,8,29,4619,0,https://pbs.twimg.com/media/GjTc3txaEAATvcm.jpg;https://pbs.twimg.com/media/GjTc3tzbIAAO8CN.jpg,False,,,,,en
Puerto Rico (tsunami OR sismo OR terremoto OR Caribe OR alerta OR aviso OR evacuaci√≥n OR costa OR alert OR advisory OR advertencia) min_retweets:5,https://x.com/search?q=Puerto Rico (tsunami OR sismo OR terremoto OR Caribe OR alerta OR aviso OR evacuaci√≥n OR costa OR alert OR advisory OR advertencia) min_retweets:5 until:2025-02-09 since:2025-02-08&src=typed_query,√öltima Hora,https://x.com/ultimahsv,ultimahsv,True,2025-02-08 23:47:17+00:00,False,"#√öltimaHora | üö®Un terremoto de magnitud 8.0 sacudi√≥ el oeste del Caribe entre Honduras y Cuba, con una profundidad de 21 millas. 

Emiten alerta de tsunami para Centroam√©rica y el Caribe, incluido Puerto Rico. https://t.co/LlnueBh23g",1.88837406965076e+18,https://x.com/ultimahsv/status/1888374069650760181,5.0,114,461,41149,21,https://pbs.twimg.com/media/GjTaNMXXYAAohHv.jpg,False,,,,,es
Puerto Rico (tsunami OR sismo OR terremoto OR Caribe OR alerta OR aviso OR evacuaci√≥n OR costa OR alert OR advisory OR advertencia) min_retweets:5,https://x.com/search?q=Puerto Rico (tsunami OR sismo OR terremoto OR Caribe OR alerta OR aviso OR evacuaci√≥n OR costa OR alert OR advisory OR advertencia) min_retweets:5 until:2025-02-09 since:2025-02-08&src=typed_query,CANAL 1 TELE 1,https://x.com/canal1tele1,canal1tele1,True,2025-02-08 23:38:53+00:00,False,"üö®#AHORAüö®| Se emiten ALERTA DE TSUNAMI PARA PUERTO RICO y varias zonas del caribe como para: Jamaica, Cuba, M√©xico, Honduras, Bahamas, Hait√≠, Belize, Rep√∫blica Dominicana, Colombia, Panam√°, Costa Rica, Aruba, Bonaire, Curacao e islas V√≠rgenes tras TERREMOTO de 6.9 (Magnitud https://t.co/6f6eP4SMBD",1.888371958968136e+18,https://x.com/canal1tele1/status/1888371958968135868,2.0,20,18,5104,0,https://pbs.twimg.com/media/GjTYSggW4AAHwfw.jpg,False,,,,,es
Puerto Rico (tsunami OR sismo OR terremoto OR Caribe OR alerta OR aviso OR evacuaci√≥n OR costa OR alert OR advisory OR advertencia) min_retweets:5,https://x.com/search?q=Puerto Rico (tsunami OR sismo OR terremoto OR Caribe OR alerta OR aviso OR evacuaci√≥n OR costa OR alert OR advisory OR advertencia) min_retweets:5 until:2025-02-09 since:2025-02-08&src=typed_query,Kevz Politics,https://x.com/KevzPolitics,KevzPolitics,True,2025-02-08 23:49:15+00:00,False,#UPDATE: USGS issues a tsunami advisory for Puerto Rico and the US Virgin Islands following M7.6 earthquake in the Caribbean Sea moments ago,1.888374564201149e+18,https://x.com/KevzPolitics/status/1888374564201148572,5.0,138,81,40379,6,,False,,,,,en
Puerto Rico (tsunami OR sismo OR terremoto OR Caribe OR alerta OR aviso OR evacuaci√≥n OR costa OR alert OR advisory OR advertencia) min_retweets:5,https://x.com/search?q=Puerto Rico (tsunami OR sismo OR terremoto OR Caribe OR alerta OR aviso OR evacuaci√≥n OR costa OR alert OR advisory OR advertencia) min_retweets:5 until:2025-02-09 since:2025-02-08&src=typed_query,Reply By Mail,https://x.com/ReplybyMail,ReplybyMail,True,2025-02-08 23:51:13+00:00,False,"@MarioNawfal Multiple tsunami warnings.

U.S. territories including Puerto Rico and the U.S. Virgin Islands are affected. https://t.co/EeQ2p1b4Zv",1.8883750602071537e+18,https://x.com/ReplybyMail/status/1888375060207153597,1.0,20,47,6984,1,https://pbs.twimg.com/media/GjTbB5TXYAAtt-E.jpg,True,MarioNawfal,https://x.com/MarioNawfal,Mario Nawfal,MarioNawfal,en
Puerto Rico (tsunami OR sismo OR terremoto OR Caribe OR alerta OR aviso OR evacuaci√≥n OR costa OR alert OR advisory OR advertencia) min_retweets:5,https://x.com/search?q=Puerto Rico (tsunami OR sismo OR terremoto OR Caribe OR alerta OR aviso OR evacuaci√≥n OR costa OR alert OR advisory OR advertencia) min_retweets:5 until:2025-02-09 since:2025-02-08&src=typed_query,Porttada,https://x.com/porttada,porttada,True,2025-02-08 23:47:49+00:00,False,"#Internacionales | üö®Terremoto de magnitud 8.0 registrado entre Honduras y Cuba a una profundidad de 21 millas. 

Activan alerta de tsunami para Centroam√©rica, el Caribe y Puerto Rico. https://t.co/f3thA9qhcL",1.888374203784504e+18,https://x.com/porttada/status/1888374203784503591,2.0,12,32,4510,0,https://pbs.twimg.com/media/GjTaUoyXYAATjDE.jpg,False,,,,,es
Puerto Rico (tsunami OR sismo OR terremoto OR Caribe OR alerta OR aviso OR evacuaci√≥n OR costa OR alert OR advisory OR advertencia) min_retweets:5,https://x.com/search?q=Puerto Rico (tsunami OR sismo OR terremoto OR Caribe OR alerta OR aviso OR evacuaci√≥n OR costa OR alert OR advisory OR advertencia) min_retweets:5 until:2025-02-09 since:2025-02-08&src=typed_query,World Source News 24/7,https://x.com/Worldsource24,Worldsource24,True,2025-02-08 23:48:13+00:00,False,"üö®#BREAKING: Tsunami advisory for Puerto Rico and the Virgin Islands.

Earthquake revised to M7.6 https://t.co/4m2iPynhpb",1.8883743043935928e+18,https://x.com/Worldsource24/status/1888374304393592914,1.0,29,50,5037,5,https://pbs.twimg.com/media/GjTaa6aWkAAOZSJ.jpg,False,,,,,en
Puerto Rico (tsunami OR sismo OR terremoto OR Caribe OR alerta OR aviso OR evacuaci√≥n OR costa OR alert OR advisory OR advertencia) min_retweets:5,https://x.com/search?q=Puerto Rico (tsunami OR sismo OR terremoto OR Caribe OR alerta OR aviso OR evacuaci√≥n OR costa OR alert OR advisory OR advertencia) min_retweets:5 until:2025-02-09 since:2025-02-08&src=typed_query,Mundo en Conflicto üåé,https://x.com/MundoEConflicto,MundoEConflicto,True,2025-02-08 23:45:03+00:00,False,üî¥ #URGENTE | Terremoto de magnitud 7.5 en el Mar Caribe. Emiten aviso de tsunami para Puerto Rico y las Islas V√≠rgenes de EE.UU. (Fuente: PTWC) https://t.co/TQiGj20wh2,1.8883735099963315e+18,https://x.com/MundoEConflicto/status/1888373509996331171,11.0,418,1363,123901,36,https://pbs.twimg.com/media/GjTZszHXEAAd7i7.png,False,,,,,es
Puerto Rico (tsunami OR sismo OR terremoto OR Caribe OR alerta OR aviso OR evacuaci√≥n OR costa OR alert OR advisory OR advertencia) min_retweets:5,https://x.com/search?q=Puerto Rico (tsunami OR sismo OR terremoto OR Caribe OR alerta OR aviso OR evacuaci√≥n OR costa OR alert OR advisory OR advertencia) min_retweets:5 until:2025-02-09 since:2025-02-08&src=typed_query,Zach Covey,https://x.com/ZachCoveyTV,ZachCoveyTV,True,2025-02-08 23:49:31+00:00,False,"BREAKING | USGS confirms NO TSUNAMI DANGER for the U.S. Gulf Coast, U.S. East Coast or Canadian East Coast following a magnitude 7.6 earthquake in the Caribbean Sea.

Tsunami Advisories have been issued for Puerto Rico and the U.S. Virgin Islands. @mynews13 #FLwx",1.8883746313435507e+18,https://x.com/ZachCoveyTV/status/1888374631343550634,3.0,20,35,42768,1,,False,,,,,en
Puerto Rico (tsunami OR sismo OR terremoto OR Caribe OR alerta OR aviso OR evacuaci√≥n OR costa OR alert OR advisory OR advertencia) min_retweets:5,https://x.com/search?q=Puerto Rico (tsunami OR sismo OR terremoto OR Caribe OR alerta OR aviso OR evacuaci√≥n OR costa OR alert OR advisory OR advertencia) min_retweets:5 until:2025-02-09 since:2025-02-08&src=typed_query,In2ThinAir,https://x.com/In2ThinAir,In2ThinAir,True,2025-02-08 23:41:13+00:00,False,"üö®#BREAKING! MAJOR EARTHQUAKE  8.0 First reported then changed! 

#Honduras &amp; #CaymanIslands 

The USGS just had to change an 8.0 EARTHQUAKE to a 6.7  THATS A HUGE CHANGE! ü§Ø
#Earthquake #Tsunami https://t.co/GSxoOhzZfp",1.888372544753009e+18,https://x.com/In2ThinAir/status/1888372544753008966,125.0,311,865,111789,70,https://pbs.twimg.com/media/GjTYPVbXsAAGimS.jpg;https://pbs.twimg.com/media/GjTYPpGWsAAo8Bu.png;https://pbs.twimg.com/media/GjTYg_2XcAA1KJe.png,False,,,,,en
Puerto Rico (tsunami OR sismo OR terremoto OR Caribe OR alerta OR aviso OR evacuaci√≥n OR costa OR alert OR advisory OR advertencia) min_retweets:5,https://x.com/search?q=Puerto Rico (tsunami OR sismo OR terremoto OR Caribe OR alerta OR aviso OR evacuaci√≥n OR costa OR alert OR advisory OR advertencia) min_retweets:5 until:2025-02-09 since:2025-02-08&src=typed_query,CANAL 1 TELE 1,https://x.com/canal1tele1,canal1tele1,True,2025-02-08 23:38:53+00:00,False,"üö®#AHORAüö®| Se emiten ALERTA DE TSUNAMI PARA PUERTO RICO y varias zonas del caribe como para: Jamaica, Cuba, M√©xico, Honduras, Bahamas, Hait√≠, Belize, Rep√∫blica Dominicana, Colombia, Panam√°, Costa Rica, Aruba, Bonaire, Curacao e islas V√≠rgenes tras TERREMOTO de 6.9 (Magnitud https://t.co/yJHySA2zKb",1.8883719584687928e+18,https://x.com/canal1tele1/status/1888371958468792771,1.0,12,16,2549,0,https://pbs.twimg.com/media/GjTYSggW4AAHwfw.jpg,False,,,,,es
Puerto Rico (tsunami OR sismo OR terremoto OR Caribe OR alerta OR aviso OR evacuaci√≥n OR costa OR alert OR advisory OR advertencia) min_retweets:5,https://x.com/search?q=Puerto Rico (tsunami OR sismo OR terremoto OR Caribe OR alerta OR aviso OR evacuaci√≥n OR costa OR alert OR advisory OR advertencia) min_retweets:5 until:2025-02-09 since:2025-02-08&src=typed_query,Benjam√≠n Torres Gotay üáµüá∑,https://x.com/TorresGotay,TorresGotay,False,2025-02-08 23:49:47+00:00,False,"Ojo: hay un aviso de tsunami activa para Puerto Rico e Islas V√≠rgenes , por sismo en la zona de Islas Caim√°n",1.8883746986078336e+18,https://x.com/TorresGotay/status/1888374698607833588,11.0,15,53,11934,2,,False,,,,,es
Puerto Rico (tsunami OR sismo OR terremoto OR Caribe OR alerta OR aviso OR evacuaci√≥n OR costa OR alert OR advisory OR advertencia) min_retweets:5,https://x.com/search?q=Puerto Rico (tsunami OR sismo OR terremoto OR Caribe OR alerta OR aviso OR evacuaci√≥n OR costa OR alert OR advisory OR advertencia) min_retweets:5 until:2025-02-09 since:2025-02-08&src=typed_query,Disasters Daily,https://x.com/DisastersAndI,DisastersAndI,True,2025-02-08 23:50:11+00:00,False,"Tsunami alert issued after massive earthquake in the Caribbean Sea. 
Tsunami Threat for Puerto Rico and Virgin Islands.
Stay safe everyone! 
#sismo #temblor #terremoto https://t.co/KF1IFPNBdc",1.8883747995814707e+18,https://x.com/DisastersAndI/status/1888374799581470798,3.0,21,37,8888,2,https://pbs.twimg.com/media/GjTa349XMAAV3xc.jpg,False,,,,,en
Puerto Rico (tsunami OR sismo OR terremoto OR Caribe OR alerta OR aviso OR evacuaci√≥n OR costa OR alert OR advisory OR advertencia) min_retweets:5,https://x.com/search?q=Puerto Rico (tsunami OR sismo OR terremoto OR Caribe OR alerta OR aviso OR evacuaci√≥n OR costa OR alert OR advisory OR advertencia) min_retweets:5 until:2025-02-09 since:2025-02-08&src=typed_query,The Weather Channel,https://x.com/weatherchannel,weatherchannel,True,2025-02-08 23:57:52+00:00,False,"BREAKING: A 7.6-magnitude earthquake struck near the Cayman Islands, prompting a tsunami advisory for several nearby islands, including Puerto Rico. The latest: https://t.co/8DnoHw9Bmj https://t.co/wex1VPvc6B",1.8883767350260864e+18,https://x.com/weatherchannel/status/1888376735026086366,61.0,545,1254,239457,60,https://pbs.twimg.com/media/GjTcogIW0AAPmv7.jpg,False,,,,,en
Puerto Rico (tsunami OR sismo OR terremoto OR Caribe OR alerta OR aviso OR evacuaci√≥n OR costa OR alert OR advisory OR advertencia) min_retweets:5,https://x.com/search?q=Puerto Rico (tsunami OR sismo OR terremoto OR Caribe OR alerta OR aviso OR evacuaci√≥n OR costa OR alert OR advisory OR advertencia) min_retweets:5 until:2025-02-09 since:2025-02-08&src=typed_query,KA-TET,https://x.com/KaTetmx,KaTetmx,True,2025-02-08 23:45:45+00:00,False,"URGENTEüö®üö®
Se registra un tremendo #Terremoto de magnitud 7.6 (8.0) con aviso de #tsunami en el mar Caribe en este momento la informaci√≥n est√° en desarrollo calma y prevenci√≥n entrar en vivo lo m√°s pronto posible https://t.co/u435bVP5p3",1.8883736851672435e+18,https://x.com/KaTetmx/status/1888373685167243522,15.0,146,499,28234,13,https://pbs.twimg.com/media/GjTZ2dTWEAA4XlI.jpg;https://pbs.twimg.com/media/GjTZ2dSWwAAXERz.jpg,False,,,,,es
Puerto Rico (tsunami OR sismo OR terremoto OR Caribe OR alerta OR aviso OR evacuaci√≥n OR costa OR alert OR advisory OR advertencia) min_retweets:5,https://x.com/search?q=Puerto Rico (tsunami OR sismo OR terremoto OR Caribe OR alerta OR aviso OR evacuaci√≥n OR costa OR alert OR advisory OR advertencia) min_retweets:5 until:2025-02-09 since:2025-02-08&src=typed_query,Alex Forbes,https://x.com/AForbesWx,AForbesWx,True,2025-02-08 23:51:11+00:00,False,"Magnitude 7.6 earthquake in the Caribbean Sea, centered between the Cayman Islands, Jamaica, and Honduras. 

A tsunami advisory is in place for Puerto Rico and the US Virgin Islands. The generation of a wave has not yet been confirmed. @foxweather @FOX5StormTeam @FOX5Atlanta https://t.co/IdXTa0j62G",1.8883750531395297e+18,https://x.com/AForbesWx/status/1888375053139529845,3.0,32,74,12296,1,https://pbs.twimg.com/media/GjTawluWwAA-yBp.jpg,False,,,,,en
Puerto Rico (tsunami OR sismo OR terremoto OR Caribe OR alerta OR aviso OR evacuaci√≥n OR costa OR alert OR advisory OR advertencia) min_retweets:5,https://x.com/search?q=Puerto Rico (tsunami OR sismo OR terremoto OR Caribe OR alerta OR aviso OR evacuaci√≥n OR costa OR alert OR advisory OR advertencia) min_retweets:5 until:2025-02-09 since:2025-02-08&src=typed_query,Susan Wood,https://x.com/susieq1007,susieq1007,True,2025-02-08 23:55:36+00:00,False,"‚ö†Ô∏è‚ö†Ô∏è‚ö†Ô∏è‚ö†Ô∏è‚ö†Ô∏è‚ö†Ô∏è‚ö†Ô∏è

CARIBBEAN: Earthquake measuring 7.5 in the Caribbean Sea. TSUNAMI ADVISORY for Puerto Rico and the U.S. Virgin Islands. (Source: PTWC)

Tsunami warnings‚Ä¶ üåä

https://t.co/OcgOTiFXgw

@XRPBrainst0rm 
@ApeOfMainStree1 
@C1Stan 
@8Notables https://t.co/kqPs5BYILY",1.888376164487418e+18,https://x.com/susieq1007/status/1888376164487418053,2.0,19,30,2706,5,https://pbs.twimg.com/media/GjTcHTlX0AA29Qv.jpg;https://pbs.twimg.com/media/GjTcHTlW0AAEo3J.jpg,False,,,,,en
Puerto Rico (tsunami OR sismo OR terremoto OR Caribe OR alerta OR aviso OR evacuaci√≥n OR costa OR alert OR advisory OR advertencia) min_retweets:5,https://x.com/search?q=Puerto Rico (tsunami OR sismo OR terremoto OR Caribe OR alerta OR aviso OR evacuaci√≥n OR costa OR alert OR advisory OR advertencia) min_retweets:5 until:2025-02-09 since:2025-02-08&src=typed_query,Ver√≥nica Marcos Puig,https://x.com/VeronicaMarcosP,VeronicaMarcosP,False,2025-02-08 09:54:46+00:00,False,"‚ÄºÔ∏èLo que @PSOE @CHJucar @DGobiernoCV NO QUIEREN QUE SEPAS üëáüèª
üî¥No instalaron sistemas d alerta de atenci√≥n temprana que SI TIENEN la Cuenca del EBRO.
‚ÄºÔ∏èSeg√∫n @Teresaribera HUBIERA SALVADO VIDAs https://t.co/soD7WKI7x8",1.8881645600931927e+18,https://x.com/VeronicaMarcosP/status/1888164560093192651,32.0,155,227,3522,2,https://pbs.twimg.com/media/GjQbqLWWUAAVlna.jpg;https://pbs.twimg.com/media/GjQbqLSW8AALMB9.jpg,False,,,,,es
Puerto Rico (tsunami OR sismo OR terremoto OR Caribe OR alerta OR aviso OR evacuaci√≥n OR costa OR alert OR advisory OR advertencia) min_retweets:5,https://x.com/search?q=Puerto Rico (tsunami OR sismo OR terremoto OR Caribe OR alerta OR aviso OR evacuaci√≥n OR costa OR alert OR advisory OR advertencia) min_retweets:5 until:2025-02-09 since:2025-02-08&src=typed_query,Nick Sortor,https://x.com/nicksortor,nicksortor,True,2025-02-08 23:42:26+00:00,False,"üö® #BREAKING: A VIOLENT 8.0 magnitude earthquake has just struck the Caribbean Sea, resulting in numerous tsunami alerts

U.S. territories such as Puerto Rico and the U.S. Virgin Islands are impacted https://t.co/OR0pd4IJ9K",1.8883728501864e+18,https://x.com/nicksortor/status/1888372850186399824,685.0,4019,13475,2198873,1015,https://pbs.twimg.com/amplify_video_thumb/1888370261965066240/img/8DD_KSmX6PP-Zzsc.jpg,False,,,,,en
Puerto Rico (tsunami OR sismo OR terremoto OR Caribe OR alerta OR aviso OR evacuaci√≥n OR costa OR alert OR advisory OR advertencia) min_retweets:5,https://x.com/search?q=Puerto Rico (tsunami OR sismo OR terremoto OR Caribe OR alerta OR aviso OR evacuaci√≥n OR costa OR alert OR advisory OR advertencia) min_retweets:5 until:2025-02-09 since:2025-02-08&src=typed_query,CycloforumsPR,https://x.com/CycloforumsPR,CycloforumsPR,True,2025-02-08 23:45:46+00:00,False,"üö® Un terremoto de magnitud 8.0 occuri√≥ en el oeste del Caribe entre Honduras y Cuba con profundidad de 21 millas. Hay alerta de Tsunami para toda centroamerica, y el caribe incluyendo a PR.
LMR https://t.co/ZE9WpcxyuW",1.8883736913499384e+18,https://x.com/CycloforumsPR/status/1888373691349938416,27.0,342,776,70555,47,https://pbs.twimg.com/media/GjTZsvmXoAE1NAb.jpg,False,,,,,es
Puerto Rico (tsunami OR sismo OR terremoto OR Caribe OR alerta OR aviso OR evacuaci√≥n OR costa OR alert OR advisory OR advertencia) min_retweets:5,https://x.com/search?q=Puerto Rico (tsunami OR sismo OR terremoto OR Caribe OR alerta OR aviso OR evacuaci√≥n OR costa OR alert OR advisory OR advertencia) min_retweets:5 until:2025-02-09 since:2025-02-08&src=typed_query,Reply By Mail,https://x.com/ReplybyMail,ReplybyMail,True,2025-02-08 23:56:05+00:00,False,"@BGatesIsaPyscho Get to high ground,
Pass it around!

Multiple tsunami warnings.

U.S. territories including Puerto Rico and the U.S. Virgin Islands are affected. https://t.co/TKWDpXIBMl",1.8883762852081956e+18,https://x.com/ReplybyMail/status/1888376285208195211,1.0,11,19,2846,0,https://pbs.twimg.com/media/GjTb91xXMAABoFS.jpg;https://pbs.twimg.com/media/GjTcIEpXkAACwZB.png,True,BGatesIsaPyscho,https://x.com/BGatesIsaPyscho,Concerned Citizen,BGatesIsaPyscho,en
Puerto Rico (tsunami OR sismo OR terremoto OR Caribe OR alerta OR aviso OR evacuaci√≥n OR costa OR alert OR advisory OR advertencia) min_retweets:5,https://x.com/search?q=Puerto Rico (tsunami OR sismo OR terremoto OR Caribe OR alerta OR aviso OR evacuaci√≥n OR costa OR alert OR advisory OR advertencia) min_retweets:5 until:2025-02-09 since:2025-02-08&src=typed_query,TheIntelFrog,https://x.com/TheIntelFrog,TheIntelFrog,True,2025-02-08 23:44:36+00:00,False,"A Tsunami Information Statement has been posted for the Gulf of Mexico.  

Updates to the magnitude 8.0 earthquake south of the Cayman Islands will be posted in this thread.  

1/ https://t.co/w8fhS3PHYM",1.8883733950265715e+18,https://x.com/TheIntelFrog/status/1888373395026571291,93.0,123,365,62947,42,https://pbs.twimg.com/media/GjTZVCiW0AAkklv.png,False,,,,,en
Puerto Rico (tsunami OR sismo OR terremoto OR Caribe OR alerta OR aviso OR evacuaci√≥n OR costa OR alert OR advisory OR advertencia) min_retweets:5,https://x.com/search?q=Puerto Rico (tsunami OR sismo OR terremoto OR Caribe OR alerta OR aviso OR evacuaci√≥n OR costa OR alert OR advisory OR advertencia) min_retweets:5 until:2025-02-09 since:2025-02-08&src=typed_query,Greg Diamond,https://x.com/gdimeweather,gdimeweather,False,2025-02-08 23:49:07+00:00,False,"Massive M7.6 earthquake in the middle of the Caribbean Sea prompts tsunami fears all across the region.

Tsunami Advisory issued for Puerto Rico and USVI. Potential waves will arrive just before 10PM https://t.co/VT8gXUjw7H",1.888374534383748e+18,https://x.com/gdimeweather/status/1888374534383747574,4.0,37,74,32646,8,https://pbs.twimg.com/media/GjTaodRWwAAJodw.jpg;https://pbs.twimg.com/media/GjTaod7WYAAfP_X.jpg,False,,,,,en
Puerto Rico (tsunami OR sismo OR terremoto OR Caribe OR alerta OR aviso OR evacuaci√≥n OR costa OR alert OR advisory OR advertencia) min_retweets:5,https://x.com/search?q=Puerto Rico (tsunami OR sismo OR terremoto OR Caribe OR alerta OR aviso OR evacuaci√≥n OR costa OR alert OR advisory OR advertencia) min_retweets:5 until:2025-02-09 since:2025-02-08&src=typed_query,SkyAlert,https://x.com/SkyAlertMx,SkyAlertMx,True,2025-02-08 23:44:43+00:00,False,"El US Tsunami Warning Center emite advertencia de tsunami para las costas del Caribe incluyendo la Riviera Maya (M√©xico).

Magnitud ajustada a 7.6 (USGS). https://t.co/qaU18KgIvx",1.8883734239585444e+18,https://x.com/SkyAlertMx/status/1888373423958544462,19.0,481,1265,193942,48,https://pbs.twimg.com/media/GjTZbq6WwAA8M_h.png,False,,,,,es
Puerto Rico (tsunami OR sismo OR terremoto OR Caribe OR alerta OR aviso OR evacuaci√≥n OR costa OR alert OR advisory OR advertencia) min_retweets:5,https://x.com/search?q=Puerto Rico (tsunami OR sismo OR terremoto OR Caribe OR alerta OR aviso OR evacuaci√≥n OR costa OR alert OR advisory OR advertencia) min_retweets:5 until:2025-02-09 since:2025-02-08&src=typed_query,Juan Carlos Pedreira,https://x.com/juancpedreira,juancpedreira,True,2025-02-08 23:45:42+00:00,False,AHORA: Advertencia de tsunami para Puerto Rico https://t.co/T720ZJ3K51 https://t.co/UC796xBjKV,1.888373674492699e+18,https://x.com/juancpedreira/status/1888373674492698894,1.0,10,9,2850,1,https://pbs.twimg.com/media/GjTZ2RoXEAAtPx8.jpg,False,,,,,es
Puerto Rico (tsunami OR sismo OR terremoto OR Caribe OR alerta OR aviso OR evacuaci√≥n OR costa OR alert OR advisory OR advertencia) min_retweets:5,https://x.com/search?q=Puerto Rico (tsunami OR sismo OR terremoto OR Caribe OR alerta OR aviso OR evacuaci√≥n OR costa OR alert OR advisory OR advertencia) min_retweets:5 until:2025-02-09 since:2025-02-08&src=typed_query,SevereStudios,https://x.com/SevereStudios,SevereStudios,True,2025-02-08 23:43:14+00:00,False,"Latest Tsunami Advisory for Puerto Rico and USVI, BVI https://t.co/R5Z8xGSDxB",1.888373051471049e+18,https://x.com/SevereStudios/status/1888373051471048891,0.0,10,17,3597,1,https://pbs.twimg.com/media/GjTZRc_asAAKrXA.png,False,,,,,es
Puerto Rico (tsunami OR sismo OR terremoto OR Caribe OR alerta OR aviso OR evacuaci√≥n OR costa OR alert OR advisory OR advertencia) min_retweets:5,https://x.com/search?q=Puerto Rico (tsunami OR sismo OR terremoto OR Caribe OR alerta OR aviso OR evacuaci√≥n OR costa OR alert OR advisory OR advertencia) min_retweets:5 until:2025-02-09 since:2025-02-08&src=typed_query,Volcaholic üåã,https://x.com/volcaholic1,volcaholic1,True,2025-02-08 23:48:30+00:00,False,"Now revised to M7.6 from both USGS and EMSC.

TSUNAMI ADVISORY for Puerto Rico and the U.S. Virgin Islands. (Source: PTWC) https://t.co/ZfurmOC2tK",1.8883743785740372e+18,https://x.com/volcaholic1/status/1888374378574037391,5.0,142,351,87461,13,https://pbs.twimg.com/media/GjTZ_21W0AEpIG4.png,False,,,,,en
Puerto Rico (tsunami OR sismo OR terremoto OR Caribe OR alerta OR aviso OR evacuaci√≥n OR costa OR alert OR advisory OR advertencia) min_retweets:5,https://x.com/search?q=Puerto Rico (tsunami OR sismo OR terremoto OR Caribe OR alerta OR aviso OR evacuaci√≥n OR costa OR alert OR advisory OR advertencia) min_retweets:5 until:2025-02-09 since:2025-02-08&src=typed_query,Intel Point Alert,https://x.com/IntelPointAlert,IntelPointAlert,True,2025-02-08 23:32:22+00:00,False,BREAKING: Violent magnitude 8 earthquake strikes the Caribbean Sea; awaiting tsunami information https://t.co/XsCqPD60xS,1.8883703184541745e+18,https://x.com/IntelPointAlert/status/1888370318454174152,43.0,509,1224,221470,116,https://pbs.twimg.com/amplify_video_thumb/1888370261965066240/img/8DD_KSmX6PP-Zzsc.jpg,False,,,,,en
Puerto Rico (tsunami OR sismo OR terremoto OR Caribe OR alerta OR aviso OR evacuaci√≥n OR costa OR alert OR advisory OR advertencia) min_retweets:5,https://x.com/search?q=Puerto Rico (tsunami OR sismo OR terremoto OR Caribe OR alerta OR aviso OR evacuaci√≥n OR costa OR alert OR advisory OR advertencia) min_retweets:5 until:2025-02-09 since:2025-02-08&src=typed_query,Ge√≥l. Sergio Almaz√°n,https://x.com/chematierra,chematierra,True,2025-02-08 15:12:32+00:00,False,"AVISO üî¥
Contin√∫a el estado de emergencia por el enjambre s√≠smico intenso cercano a la isla griega #Santorini #Grecia 
Otro sismo moderado-fuerte de:
-M5.1 
-Prof 10 km 
-Epicentro: 13 km al NE de #Mesari√°  #Greece üá¨üá∑ 
Febrero 8/09:00:40 (UTC) 

https://t.co/wXw7Ua6kAa https://t.co/5pYgg3BP1W",1.888244528114439e+18,https://x.com/chematierra/status/1888244528114438541,8.0,149,369,9900,4,https://pbs.twimg.com/media/GjRkY7PWgAAV_4D.jpg,False,,,,,es
Puerto Rico (tsunami OR sismo OR terremoto OR Caribe OR alerta OR aviso OR evacuaci√≥n OR costa OR alert OR advisory OR advertencia) min_retweets:5,https://x.com/search?q=Puerto Rico (tsunami OR sismo OR terremoto OR Caribe OR alerta OR aviso OR evacuaci√≥n OR costa OR alert OR advisory OR advertencia) min_retweets:5 until:2025-02-09 since:2025-02-08&src=typed_query,italianicese,https://x.com/italianicese,italianicese,False,2025-02-08 11:17:06+00:00,False,@juromeroo Dejo esto ac√° para el que no sabe como actuar frente a una emergencia y meti√≥ la pata por error o desconocimiento,1.8881852800053576e+18,https://x.com/italianicese/status/1888185280005357896,1.0,10,329,55244,86,,True,juromeroo,https://x.com/juromeroo,mikasa ackerman argenta,juromeroo,es
Puerto Rico (tsunami OR sismo OR terremoto OR Caribe OR alerta OR aviso OR evacuaci√≥n OR costa OR alert OR advisory OR advertencia) min_retweets:5,https://x.com/search?q=Puerto Rico (tsunami OR sismo OR terremoto OR Caribe OR alerta OR aviso OR evacuaci√≥n OR costa OR alert OR advisory OR advertencia) min_retweets:5 until:2025-02-09 since:2025-02-08&src=typed_query,Weather Track US,https://x.com/weathertrackus,weathertrackus,True,2025-02-08 23:54:06+00:00,False,Tsunami advisory is out for Puerto Rico and the Virgin Islands from an M6.7-7.6 earthquake SW of the Cayman Islands https://t.co/gZGd2UecXI,1.8883757870045435e+18,https://x.com/weathertrackus/status/1888375787004543399,1.0,12,42,6241,3,https://pbs.twimg.com/media/GjTbxVeXIAA0GoA.jpg,False,,,,,en
Puerto Rico (tsunami OR sismo OR terremoto OR Caribe OR alerta OR aviso OR evacuaci√≥n OR costa OR alert OR advisory OR advertencia) min_retweets:5,https://x.com/search?q=Puerto Rico (tsunami OR sismo OR terremoto OR Caribe OR alerta OR aviso OR evacuaci√≥n OR costa OR alert OR advisory OR advertencia) min_retweets:5 until:2025-02-09 since:2025-02-08&src=typed_query,RT en Espa√±ol,https://x.com/ActualidadRT,ActualidadRT,False,2025-02-08 23:44:19+00:00,False,"#√öLTIMAHORA 

‚ùóÔ∏èAlerta de tsunami tras un fort√≠simo sismo en el Caribe

https://t.co/0avKaP4YIc https://t.co/CpCdMuIr1c",1.8883733262189527e+18,https://x.com/ActualidadRT/status/1888373326218952821,11.0,202,417,76714,12,https://pbs.twimg.com/ext_tw_video_thumb/1888373237886631937/pu/img/KTPSdEfm2i_6BMZ4.jpg,False,,,,,es
Puerto Rico (tsunami OR sismo OR terremoto OR Caribe OR alerta OR aviso OR evacuaci√≥n OR costa OR alert OR advisory OR advertencia) min_retweets:5,https://x.com/search?q=Puerto Rico (tsunami OR sismo OR terremoto OR Caribe OR alerta OR aviso OR evacuaci√≥n OR costa OR alert OR advisory OR advertencia) min_retweets:5 until:2025-02-09 since:2025-02-08&src=typed_query,U.S. Emergency Alert,https://x.com/ENSAlerts,ENSAlerts,False,2025-02-08 23:49:34+00:00,False,GULF/EAST COAST: Earthquake measuring 7.6 in the Caribbean Sea. There is no tsunami threat to the U.S. East Coast and Gulf states. (Source: NTWC),1.8883746462377293e+18,https://x.com/ENSAlerts/status/1888374646237729223,16.0,149,587,67555,18,,False,,,,,en
Puerto Rico (tsunami OR sismo OR terremoto OR Caribe OR alerta OR aviso OR evacuaci√≥n OR costa OR alert OR advisory OR advertencia) min_retweets:5,https://x.com/search?q=Puerto Rico (tsunami OR sismo OR terremoto OR Caribe OR alerta OR aviso OR evacuaci√≥n OR costa OR alert OR advisory OR advertencia) min_retweets:5 until:2025-02-09 since:2025-02-08&src=typed_query,Cristian Far√≠as,https://x.com/cfariasvega,cfariasvega,False,2025-02-08 23:52:49+00:00,False,"Hace unos minutos ocurri√≥ un terremoto de magnitud cercana a 8 en el Caribe. El USGS reporta que tuvo magnitud 7.6, y ocurri√≥ en un borde de la Placa del Caribe. Ocurri√≥ lejos de zona muy pobladas, pero el PTWC alert√≥ de que podr√≠a haber un tsunami. Todo en desarrollo https://t.co/SKCT3Fx8AJ",1.88837546359833e+18,https://x.com/cfariasvega/status/1888375463598330040,5.0,126,289,23467,3,https://pbs.twimg.com/media/GjTbeKgXcAAgBw1.jpg,False,,,,,es
Puerto Rico (tsunami OR sismo OR terremoto OR Caribe OR alerta OR aviso OR evacuaci√≥n OR costa OR alert OR advisory OR advertencia) min_retweets:5,https://x.com/search?q=Puerto Rico (tsunami OR sismo OR terremoto OR Caribe OR alerta OR aviso OR evacuaci√≥n OR costa OR alert OR advisory OR advertencia) min_retweets:5 until:2025-02-09 since:2025-02-08&src=typed_query,Iyane,https://x.com/XTechPulse,XTechPulse,True,2025-02-08 23:44:23+00:00,False,"@rawsalerts A VIOLENT 8.0 magnitude earthquake has just struck the Caribbean Sea, resulting in numerous tsunami alerts https://t.co/LRhNPqRHjh",1.8883733408990129e+18,https://x.com/XTechPulse/status/1888373340899012771,6.0,84,241,66695,41,https://pbs.twimg.com/amplify_video_thumb/1888373287173959680/img/4zES06d-bvM0X1KE.jpg,True,rawsalerts,https://x.com/rawsalerts,R A W S A L E R T S,rawsalerts,en
Puerto Rico (tsunami OR sismo OR terremoto OR Caribe OR alerta OR aviso OR evacuaci√≥n OR costa OR alert OR advisory OR advertencia) min_retweets:5,https://x.com/search?q=Puerto Rico (tsunami OR sismo OR terremoto OR Caribe OR alerta OR aviso OR evacuaci√≥n OR costa OR alert OR advisory OR advertencia) min_retweets:5 until:2025-02-09 since:2025-02-08&src=typed_query,NewsWire,https://x.com/NewsWire_US,NewsWire_US,True,2025-02-08 23:54:58+00:00,False,No tsunami danger for U.S. east coast and Gulf of Mexico states ‚Äî Tsunami Warning System,1.8883760037366047e+18,https://x.com/NewsWire_US/status/1888376003736605128,38.0,50,434,35631,19,,False,,,,,en
Puerto Rico (tsunami OR sismo OR terremoto OR Caribe OR alerta OR aviso OR evacuaci√≥n OR costa OR alert OR advisory OR advertencia) min_retweets:5,https://x.com/search?q=Puerto Rico (tsunami OR sismo OR terremoto OR Caribe OR alerta OR aviso OR evacuaci√≥n OR costa OR alert OR advisory OR advertencia) min_retweets:5 until:2025-02-09 since:2025-02-08&src=typed_query,E X X ‚û†A L E R T S,https://x.com/ExxAlerts,ExxAlerts,True,2025-02-08 23:43:17+00:00,False,"BREAKING: üö®  Massive earthquake with a magnitude of 8.0 strikes in the Caribbean Sea.

DEVELOPING REPORT.. https://t.co/iVtIvohx2x",1.8883730639111544e+18,https://x.com/ExxAlerts/status/1888373063911154078,64.0,244,661,179138,50,https://pbs.twimg.com/amplify_video_thumb/1888373006231031808/img/rfsfhDkZ29qb8Q_T.jpg,False,,,,,en
Puerto Rico (tsunami OR sismo OR terremoto OR Caribe OR alerta OR aviso OR evacuaci√≥n OR costa OR alert OR advisory OR advertencia) min_retweets:5,https://x.com/search?q=Puerto Rico (tsunami OR sismo OR terremoto OR Caribe OR alerta OR aviso OR evacuaci√≥n OR costa OR alert OR advisory OR advertencia) min_retweets:5 until:2025-02-09 since:2025-02-08&src=typed_query,Insider Paper,https://x.com/TheInsiderPaper,TheInsiderPaper,True,2025-02-08 23:49:19+00:00,False,"TSUNAMI THREAT FORECAST:

HAZARDOUS TSUNAMI WAVES FROM THIS EARTHQUAKE ARE POSSIBLE WITHIN 1000 KM OF THE EPICENTER ALONG THE COASTS OF:

CAYMAN ISLANDS‚Ä¶ JAMAICA‚Ä¶ CUBA‚Ä¶ MEXICO‚Ä¶ HONDURAS‚Ä¶ BAHAMAS‚Ä¶ SAN ANDRES PROVID‚Ä¶ BELIZE‚Ä¶ HAITI‚Ä¶ COSTA RICA‚Ä¶ PANAMA‚Ä¶ NICARAGUA AND",1.8883745815028657e+18,https://x.com/TheInsiderPaper/status/1888374581502865696,60.0,519,1133,147855,98,,False,,,,,en
Puerto Rico (tsunami OR sismo OR terremoto OR Caribe OR alerta OR aviso OR evacuaci√≥n OR costa OR alert OR advisory OR advertencia) min_retweets:5,https://x.com/search?q=Puerto Rico (tsunami OR sismo OR terremoto OR Caribe OR alerta OR aviso OR evacuaci√≥n OR costa OR alert OR advisory OR advertencia) min_retweets:5 until:2025-02-09 since:2025-02-08&src=typed_query,¬øPor qu√© es Tendencia?,https://x.com/porktendencia,porktendencia,True,2025-02-08 23:53:43+00:00,False,"‚ÄúSismo‚Äù:
Porque se registr√≥ un #sismo de 8.0 en el Caribe. https://t.co/hMXJc1mYKA",1.8883756891891387e+18,https://x.com/porktendencia/status/1888375689189138708,38.0,198,3825,132806,81,https://pbs.twimg.com/media/GjTbrkWWMAAPyb-.jpg,False,,,,,es
Puerto Rico (tsunami OR sismo OR terremoto OR Caribe OR alerta OR aviso OR evacuaci√≥n OR costa OR alert OR advisory OR advertencia) min_retweets:5,https://x.com/search?q=Puerto Rico (tsunami OR sismo OR terremoto OR Caribe OR alerta OR aviso OR evacuaci√≥n OR costa OR alert OR advisory OR advertencia) min_retweets:5 until:2025-02-09 since:2025-02-08&src=typed_query,BNO News,https://x.com/BNONews,BNONews,True,2025-02-08 23:32:00+00:00,False,BREAKING: 8.0-magnitude earthquake hits the Caribbean Sea - PTWC https://t.co/KmF1NmgVHC,1.8883702269635543e+18,https://x.com/BNONews/status/1888370226963554400,349.0,2986,10374,2249693,644,https://pbs.twimg.com/media/GjTWsViXoAAW_Ra.png,False,,,,,en
Puerto Rico (tsunami OR sismo OR terremoto OR Caribe OR alerta OR aviso OR evacuaci√≥n OR costa OR alert OR advisory OR advertencia) min_retweets:5,https://x.com/search?q=Puerto Rico (tsunami OR sismo OR terremoto OR Caribe OR alerta OR aviso OR evacuaci√≥n OR costa OR alert OR advisory OR advertencia) min_retweets:5 until:2025-02-09 since:2025-02-08&src=typed_query,T13,https://x.com/T13,T13,True,2025-02-08 23:56:53+00:00,False,üî¥ #AlertaT13 | Hay alerta por tsunami: Terremoto 8.0 afecta al Mar del Caribe y se percibe en varios pa√≠ses de Centroam√©rica https://t.co/uSxDKio0GS,1.8883764876966016e+18,https://x.com/T13/status/1888376487696601537,31.0,174,319,67778,8,,False,,,,,es
Puerto Rico (tsunami OR sismo OR terremoto OR Caribe OR alerta OR aviso OR evacuaci√≥n OR costa OR alert OR advisory OR advertencia) min_retweets:5,https://x.com/search?q=Puerto Rico (tsunami OR sismo OR terremoto OR Caribe OR alerta OR aviso OR evacuaci√≥n OR costa OR alert OR advisory OR advertencia) min_retweets:5 until:2025-02-09 since:2025-02-08&src=typed_query,U.S. Emergency Alert,https://x.com/ENSAlerts,ENSAlerts,False,2025-02-08 23:39:37+00:00,False,GULF/EAST COAST: Earthquake measuring 8.0 in the Caribbean Sea. The tsunami threat to the U.S. East Coast and Gulf states is still evaluated. (Source: NTWC),1.888372141558744e+18,https://x.com/ENSAlerts/status/1888372141558743485,30.0,321,1190,136036,67,,False,,,,,en
Puerto Rico (tsunami OR sismo OR terremoto OR Caribe OR alerta OR aviso OR evacuaci√≥n OR costa OR alert OR advisory OR advertencia) min_retweets:5,https://x.com/search?q=Puerto Rico (tsunami OR sismo OR terremoto OR Caribe OR alerta OR aviso OR evacuaci√≥n OR costa OR alert OR advisory OR advertencia) min_retweets:5 until:2025-02-09 since:2025-02-08&src=typed_query,Alerta News 24,https://x.com/AlertaNews24,AlertaNews24,True,2025-02-08 23:42:44+00:00,False,"üåé | @AlertaNews24 Si usted se encuentra en Centroam√©rica o en la zona del Caribe y se lanza una advertencia de tsunami, porfavor siga las instrucciones de sus autoridades locales. https://t.co/MXsTdJyWeP",1.8883729276718044e+18,https://x.com/AlertaNews24/status/1888372927671804349,13.0,660,1971,216066,81,https://pbs.twimg.com/media/GjTZKv1XUAAXfqU.jpg,False,,,,,es
Puerto Rico (tsunami OR sismo OR terremoto OR Caribe OR alerta OR aviso OR evacuaci√≥n OR costa OR alert OR advisory OR advertencia) min_retweets:5,https://x.com/search?q=Puerto Rico (tsunami OR sismo OR terremoto OR Caribe OR alerta OR aviso OR evacuaci√≥n OR costa OR alert OR advisory OR advertencia) min_retweets:5 until:2025-02-09 since:2025-02-08&src=typed_query,Monumental AM 1080,https://x.com/AM_1080,AM_1080,True,2025-02-08 14:04:27+00:00,False,"üî¥ #URGENTE - Voraz incendio en conocido dep√≥sito de neum√°ticos dentro del predio del Puerto San Jos√©,  en la zona de Mariano Roque Alonso

üëâüèº Bomberos declaran emergencia general.

#AM1080 üìª https://t.co/7bjcfLb2I0",1.888227396676936e+18,https://x.com/AM_1080/status/1888227396676935756,39.0,167,620,76594,48,https://pbs.twimg.com/ext_tw_video_thumb/1888226903493902336/pu/img/oInIBmNezUDM3Q_v.jpg,False,,,,,es
Puerto Rico (tsunami OR sismo OR terremoto OR Caribe OR alerta OR aviso OR evacuaci√≥n OR costa OR alert OR advisory OR advertencia) min_retweets:5,https://x.com/search?q=Puerto Rico (tsunami OR sismo OR terremoto OR Caribe OR alerta OR aviso OR evacuaci√≥n OR costa OR alert OR advisory OR advertencia) min_retweets:5 until:2025-02-09 since:2025-02-08&src=typed_query,Faytuks Network,https://x.com/FaytuksNetwork,FaytuksNetwork,False,2025-02-08 23:47:53+00:00,False,"BREAKING: Tsunami advisory for the Virgin Islands and Puerto Rico, magnitude revised to 7.6 - USGS/PTWC",1.8883742220758715e+18,https://x.com/FaytuksNetwork/status/1888374222075871431,2.0,9,42,4243,2,,False,,,,,en
Puerto Rico (tsunami OR sismo OR terremoto OR Caribe OR alerta OR aviso OR evacuaci√≥n OR costa OR alert OR advisory OR advertencia) min_retweets:5,https://x.com/search?q=Puerto Rico (tsunami OR sismo OR terremoto OR Caribe OR alerta OR aviso OR evacuaci√≥n OR costa OR alert OR advisory OR advertencia) min_retweets:5 until:2025-02-09 since:2025-02-08&src=typed_query,Mara Lezama,https://x.com/MaraLezama,MaraLezama,True,2025-02-08 23:52:46+00:00,False,"Hemos activado los protocolos de Protecci√≥n Civil en coordinaci√≥n con los 11 municipios del estado tras el sismo registrado frente a las costas de Honduras, el cual se lleg√≥ a percibir en algunos puntos de nuestro territorio.

@ProtCivil_QRoo y las unidades municipales est√°n",1.888375450721772e+18,https://x.com/MaraLezama/status/1888375450721771904,42.0,268,603,83501,20,,False,,,,,es
Puerto Rico (tsunami OR sismo OR terremoto OR Caribe OR alerta OR aviso OR evacuaci√≥n OR costa OR alert OR advisory OR advertencia) min_retweets:5,https://x.com/search?q=Puerto Rico (tsunami OR sismo OR terremoto OR Caribe OR alerta OR aviso OR evacuaci√≥n OR costa OR alert OR advisory OR advertencia) min_retweets:5 until:2025-02-09 since:2025-02-08&src=typed_query,Mundo en Conflicto üåé,https://x.com/MundoEConflicto,MundoEConflicto,True,2025-02-08 23:34:26+00:00,False,üî¥ #URGENTE | TERREMOTO DE MAGNITUD 8¬∞ EN EL MAR CARIBE ACTIVA UNA ALERTA DE TSUNAMI PREVENTIVA. https://t.co/w5LHuV0Fqu,1.8883708355865272e+18,https://x.com/MundoEConflicto/status/1888370835586527342,37.0,796,4227,299427,96,https://pbs.twimg.com/amplify_video_thumb/1877440597310439424/img/ZY5LxM_72VQay0co.jpg,False,,,,,es
Puerto Rico (tsunami OR sismo OR terremoto OR Caribe OR alerta OR aviso OR evacuaci√≥n OR costa OR alert OR advisory OR advertencia) min_retweets:5,https://x.com/search?q=Puerto Rico (tsunami OR sismo OR terremoto OR Caribe OR alerta OR aviso OR evacuaci√≥n OR costa OR alert OR advisory OR advertencia) min_retweets:5 until:2025-02-09 since:2025-02-08&src=typed_query,Noticia058,https://x.com/Noticia058,Noticia058,True,2025-02-08 23:38:49+00:00,False,"üî¥ #√öltimaHora | Fuerte terremoto de magnitud 8.0 sacude el Mar Caribe a 33 km de profundidad. Ocurri√≥ a las 20:23 CLST, seg√∫n el USGS.

‚ö†Ô∏è Se activa alerta de tsunami preventiva en la regi√≥n.

#Terremoto #Tsunami #Caribe https://t.co/rFjh1v8dn3",1.888371941884531e+18,https://x.com/Noticia058/status/1888371941884531036,9.0,141,241,86744,17,https://pbs.twimg.com/amplify_video_thumb/1888371882082086912/img/PRIAoGb-joRK7kql.jpg;https://pbs.twimg.com/media/GjTYOMHWIAAfUEM.jpg,False,,,,,es
Puerto Rico (tsunami OR sismo OR terremoto OR Caribe OR alerta OR aviso OR evacuaci√≥n OR costa OR alert OR advisory OR advertencia) min_retweets:5,https://x.com/search?q=Puerto Rico (tsunami OR sismo OR terremoto OR Caribe OR alerta OR aviso OR evacuaci√≥n OR costa OR alert OR advisory OR advertencia) min_retweets:5 until:2025-02-09 since:2025-02-08&src=typed_query,NWS San Juan,https://x.com/NWSSanJuan,NWSSanJuan,False,2025-02-08 23:50:49+00:00,False,"FEB 8 2025 - Per PTWC: An earthquake with a magnitude of 7.5 occurred North of Honduras, PR/USVI at 7:23. There is a TSUNAMI threat for PR/USVI.¬† Please follow the official recommendations. This magnitude is preliminary and is subject to future revision following analysis by PRSN",1.8883749620940104e+18,https://x.com/NWSSanJuan/status/1888374962094010585,4.0,179,351,59220,16,,False,,,,,en
Puerto Rico (tsunami OR sismo OR terremoto OR Caribe OR alerta OR aviso OR evacuaci√≥n OR costa OR alert OR advisory OR advertencia) min_retweets:5,https://x.com/search?q=Puerto Rico (tsunami OR sismo OR terremoto OR Caribe OR alerta OR aviso OR evacuaci√≥n OR costa OR alert OR advisory OR advertencia) min_retweets:5 until:2025-02-09 since:2025-02-08&src=typed_query,Mag Jorge Castroüá®üá∫,https://x.com/mjorgec1994,mjorgec1994,True,2025-02-08 23:50:33+00:00,False,"‚ö†Ô∏è‚ö†Ô∏è#Urgente. Se ha generado una alerta potencial de tsunami para el Caribe por un terremoto de gran intensidad al norte de #Honduras‚Ä¶ mantenerse informados los cubanos de la costa sur.
#UltimaHora https://t.co/r4KxNqzIP6",1.888374891637826e+18,https://x.com/mjorgec1994/status/1888374891637825959,6.0,33,252,7987,3,https://pbs.twimg.com/media/GjTa9FjW4AA40vG.jpg,False,,,,,es
Puerto Rico (tsunami OR sismo OR terremoto OR Caribe OR alerta OR aviso OR evacuaci√≥n OR costa OR alert OR advisory OR advertencia) min_retweets:5,https://x.com/search?q=Puerto Rico (tsunami OR sismo OR terremoto OR Caribe OR alerta OR aviso OR evacuaci√≥n OR costa OR alert OR advisory OR advertencia) min_retweets:5 until:2025-02-09 since:2025-02-08&src=typed_query,Max Velocity,https://x.com/MaxVelocityWX,MaxVelocityWX,True,2025-02-08 23:48:18+00:00,False,"BREAKING: Violent earthquake has occurred in the Caribbean Sea. This has been reviewed as a 7.6 magnitude earthquake.

Tsunami threat is possible for the Western Caribbean Sea. https://t.co/TdT3EwLDZH",1.88837432676572e+18,https://x.com/MaxVelocityWX/status/1888374326765719726,9.0,60,388,28258,8,https://pbs.twimg.com/media/GjTaC1NXYAA6uxn.jpg,False,,,,,en
Puerto Rico (tsunami OR sismo OR terremoto OR Caribe OR alerta OR aviso OR evacuaci√≥n OR costa OR alert OR advisory OR advertencia) min_retweets:5,https://x.com/search?q=Puerto Rico (tsunami OR sismo OR terremoto OR Caribe OR alerta OR aviso OR evacuaci√≥n OR costa OR alert OR advisory OR advertencia) min_retweets:5 until:2025-02-09 since:2025-02-08&src=typed_query,Paul A. Szypula üá∫üá∏,https://x.com/Bubblebathgirl,Bubblebathgirl,True,2025-02-08 23:42:46+00:00,False,"Earthquake magnitude 8 just hit the Caribbean.

Fears of tsunamis are spreading since the earthquake happened in the sea.

Pray for all those in the surrounding area.

üôèüèº

https://t.co/GTAUOtVEkL",1.8883729337369764e+18,https://x.com/Bubblebathgirl/status/1888372933736976496,25.0,71,305,14848,12,https://pbs.twimg.com/amplify_video_thumb/1888370261965066240/img/8DD_KSmX6PP-Zzsc.jpg,False,,,,,en
Puerto Rico (tsunami OR sismo OR terremoto OR Caribe OR alerta OR aviso OR evacuaci√≥n OR costa OR alert OR advisory OR advertencia) min_retweets:5,https://x.com/search?q=Puerto Rico (tsunami OR sismo OR terremoto OR Caribe OR alerta OR aviso OR evacuaci√≥n OR costa OR alert OR advisory OR advertencia) min_retweets:5 until:2025-02-09 since:2025-02-08&src=typed_query,Wall Street Wolverine,https://x.com/wallstwolverine,wallstwolverine,True,2025-02-08 23:37:33+00:00,False,"Terremoto de magnitud 8,0 en el Mar Caribe. Se activa alerta de tsunami preventiva. https://t.co/hQW3B1VXsM",1.8883716230253773e+18,https://x.com/wallstwolverine/status/1888371623025377545,12.0,114,1008,87944,14,https://pbs.twimg.com/media/GjTX-wtWQAE6MUw.jpg,False,,,,,es
Puerto Rico (tsunami OR sismo OR terremoto OR Caribe OR alerta OR aviso OR evacuaci√≥n OR costa OR alert OR advisory OR advertencia) min_retweets:5,https://x.com/search?q=Puerto Rico (tsunami OR sismo OR terremoto OR Caribe OR alerta OR aviso OR evacuaci√≥n OR costa OR alert OR advisory OR advertencia) min_retweets:5 until:2025-02-09 since:2025-02-08&src=typed_query,La Derecha Diario,https://x.com/laderechadiario,laderechadiario,True,2025-02-08 23:56:46+00:00,False,üåéüö® | #URGENTE Un potente terremoto de magnitud 8 sacude el Mar Caribe y activ√≥ la alerta de tsunami en la regi√≥n. https://t.co/J6gVJiSN1e,1.888376457342362e+18,https://x.com/laderechadiario/status/1888376457342362072,7.0,83,584,18152,4,https://pbs.twimg.com/media/GjTbm3aWwAA79Ew.jpg,False,,,,,es
Puerto Rico (tsunami OR sismo OR terremoto OR Caribe OR alerta OR aviso OR evacuaci√≥n OR costa OR alert OR advisory OR advertencia) min_retweets:5,https://x.com/search?q=Puerto Rico (tsunami OR sismo OR terremoto OR Caribe OR alerta OR aviso OR evacuaci√≥n OR costa OR alert OR advisory OR advertencia) min_retweets:5 until:2025-02-09 since:2025-02-08&src=typed_query,Agust√≠n Antonetti,https://x.com/agusantonetti,agusantonetti,True,2025-02-08 23:48:43+00:00,False,"‚ÄºÔ∏èüö® Atenci√≥n. Actualizaci√≥n sobre el terremoto en el Mar Caribe.

El USGS emite una posible alerta de tsunami en las costas de Cuba, Jamaica, M√©xico, Honduras, Haiti, Rep√∫blica Dominicana, Puerto Rico, Costa Rica, Colombia, Panam√°, entre otros. https://t.co/U9zlyxMDwG",1.888374431048995e+18,https://x.com/agusantonetti/status/1888374431048995102,7.0,329,713,52160,30,https://pbs.twimg.com/media/GjTaiP_XgAErfQt.jpg,False,,,,,es
Puerto Rico (tsunami OR sismo OR terremoto OR Caribe OR alerta OR aviso OR evacuaci√≥n OR costa OR alert OR advisory OR advertencia) min_retweets:5,https://x.com/search?q=Puerto Rico (tsunami OR sismo OR terremoto OR Caribe OR alerta OR aviso OR evacuaci√≥n OR costa OR alert OR advisory OR advertencia) min_retweets:5 until:2025-02-09 since:2025-02-08&src=typed_query,BNO News,https://x.com/BNONews,BNONews,True,2025-02-08 23:45:33+00:00,False,"BREAKING: Tsunami advisory for Puerto Rico and the Virgin Islands, magnitude revised to 7.6 - USGS/PTWC",1.8883736363875249e+18,https://x.com/BNONews/status/1888373636387524611,69.0,888,2985,355705,101,,False,,,,,en
Puerto Rico (tsunami OR sismo OR terremoto OR Caribe OR alerta OR aviso OR evacuaci√≥n OR costa OR alert OR advisory OR advertencia) min_retweets:5,https://x.com/search?q=Puerto Rico (tsunami OR sismo OR terremoto OR Caribe OR alerta OR aviso OR evacuaci√≥n OR costa OR alert OR advisory OR advertencia) min_retweets:5 until:2025-02-09 since:2025-02-08&src=typed_query,R A W S A L E R T S,https://x.com/rawsalerts,rawsalerts,True,2025-02-08 23:47:47+00:00,False,"üö®#UPDATE: Tsunami advisory for Puerto Rico and the Virgin Islands, magnitude revised to 7.6",1.888374197686096e+18,https://x.com/rawsalerts/status/1888374197686095895,38.0,279,1607,290447,57,,True,rawsalerts,https://x.com/rawsalerts,,rawsalerts,en
Puerto Rico (tsunami OR sismo OR terremoto OR Caribe OR alerta OR aviso OR evacuaci√≥n OR costa OR alert OR advisory OR advertencia) min_retweets:5,https://x.com/search?q=Puerto Rico (tsunami OR sismo OR terremoto OR Caribe OR alerta OR aviso OR evacuaci√≥n OR costa OR alert OR advisory OR advertencia) min_retweets:5 until:2025-02-09 since:2025-02-08&src=typed_query,Carmine Sabia,https://x.com/CarmineSabia,CarmineSabia,True,2025-02-08 23:49:43+00:00,False,BREAKING: An 8.0 magnitude earthquake has rocked the Caribbean Sea. Tsunami warnings issued. Puerto Rico and the U.S. Virgin Islands are at risk.,1.8883746817929096e+18,https://x.com/CarmineSabia/status/1888374681792909593,3.0,11,33,2880,0,,False,,,,,en
Puerto Rico (tsunami OR sismo OR terremoto OR Caribe OR alerta OR aviso OR evacuaci√≥n OR costa OR alert OR advisory OR advertencia) min_retweets:5,https://x.com/search?q=Puerto Rico (tsunami OR sismo OR terremoto OR Caribe OR alerta OR aviso OR evacuaci√≥n OR costa OR alert OR advisory OR advertencia) min_retweets:5 until:2025-02-09 since:2025-02-08&src=typed_query,NewsWire,https://x.com/NewsWire_US,NewsWire_US,True,2025-02-08 23:46:36+00:00,False,TSUNAMI ADVISORY FOR PUERTO RICO AND U.S. VIRGIN ISLANDS,1.8883739002846743e+18,https://x.com/NewsWire_US/status/1888373900284674463,14.0,60,243,29074,9,,False,,,,,en
Puerto Rico (tsunami OR sismo OR terremoto OR Caribe OR alerta OR aviso OR evacuaci√≥n OR costa OR alert OR advisory OR advertencia) min_retweets:5,https://x.com/search?q=Puerto Rico (tsunami OR sismo OR terremoto OR Caribe OR alerta OR aviso OR evacuaci√≥n OR costa OR alert OR advisory OR advertencia) min_retweets:5 until:2025-02-09 since:2025-02-08&src=typed_query,Alerta News 24,https://x.com/AlertaNews24,AlertaNews24,True,2025-02-08 23:45:30+00:00,False,"üåé | AHORA: USGS pronostica amenaza de tsunami para todo el Caribe Occidental, esto puede incluir las costas de Islas Caim√°n, Jamaica, Cuba, M√©xico, Honduras, Bahamas, Hait√≠, Turcos y Caicos, San Andr√©s, Rep√∫blica Dominicana, Colombia, Panam√°, Puerto Rico, Costa Rica, Aruba, https://t.co/oEEbIaof7U",1.888373621229302e+18,https://x.com/AlertaNews24/status/1888373621229302004,150.0,2914,10028,1275711,684,https://pbs.twimg.com/media/GjTZzNAWYAAFhaA.jpg,False,,,,,es
Puerto Rico (tsunami OR sismo OR terremoto OR Caribe OR alerta OR aviso OR evacuaci√≥n OR costa OR alert OR advisory OR advertencia) min_retweets:5,https://x.com/search?q=Puerto Rico (tsunami OR sismo OR terremoto OR Caribe OR alerta OR aviso OR evacuaci√≥n OR costa OR alert OR advisory OR advertencia) min_retweets:5 until:2025-02-09 since:2025-02-08&src=typed_query,NWS Tsunami Alerts,https://x.com/NWS_NTWC,NWS_NTWC,False,2025-02-08 23:36:20+00:00,False,Tsunami Info Stmt: M8.0 Caribbean Sea 1823EST Feb 8: Event is being reviewed to determine threat for US/Can.,1.888371317407376e+18,https://x.com/NWS_NTWC/status/1888371317407375682,79.0,721,2072,399497,93,,False,,,,,en
Puerto Rico (tsunami OR sismo OR terremoto OR Caribe OR alerta OR aviso OR evacuaci√≥n OR costa OR alert OR advisory OR advertencia) min_retweets:5,https://x.com/search?q=Puerto Rico (tsunami OR sismo OR terremoto OR Caribe OR alerta OR aviso OR evacuaci√≥n OR costa OR alert OR advisory OR advertencia) min_retweets:5 until:2025-02-09 since:2025-02-08&src=typed_query,NewsWire,https://x.com/NewsWire_US,NewsWire_US,True,2025-02-08 23:37:22+00:00,False,TSUNAMI ALERT ISSUED FOR COASTLINES ALONG CARIBBEAN SEA https://t.co/ulDyhQtfeY,1.888371575025439e+18,https://x.com/NewsWire_US/status/1888371575025439034,18.0,93,379,32598,23,https://pbs.twimg.com/media/GjTX8H_XYAAJ0O8.jpg,False,,,,,en
Puerto Rico (tsunami OR sismo OR terremoto OR Caribe OR alerta OR aviso OR evacuaci√≥n OR costa OR alert OR advisory OR advertencia) min_retweets:5,https://x.com/search?q=Puerto Rico (tsunami OR sismo OR terremoto OR Caribe OR alerta OR aviso OR evacuaci√≥n OR costa OR alert OR advisory OR advertencia) min_retweets:5 until:2025-02-09 since:2025-02-08&src=typed_query,Roger Garc√≠a,https://x.com/RogerAderly,RogerAderly,True,2025-02-08 23:42:13+00:00,False,"#LO√öLTIMO Terremoto de 8.0 en Islas Cayman. Alerta de Tsunami para todo el Mar del Caribe, Centroam√©rica.",1.8883727942847409e+18,https://x.com/RogerAderly/status/1888372794284740907,12.0,70,703,50747,24,,False,,,,,es
Puerto Rico (tsunami OR sismo OR terremoto OR Caribe OR alerta OR aviso OR evacuaci√≥n OR costa OR alert OR advisory OR advertencia) min_retweets:5,https://x.com/search?q=Puerto Rico (tsunami OR sismo OR terremoto OR Caribe OR alerta OR aviso OR evacuaci√≥n OR costa OR alert OR advisory OR advertencia) min_retweets:5 until:2025-02-09 since:2025-02-08&src=typed_query,Nubia Carolina C√≥rdoba-Curi,https://x.com/NubiaCarolinaCC,NubiaCarolinaCC,True,2025-02-08 20:12:49+00:00,False,"Completamos 3 d√≠as de combates entre el ELN y el Clan del Golfo en la cuenca media del rio San Juan, con epicentro en el corregimiento de Puerto Murillo (Si, el mismo corregimiento de ‚ÄúEl Tubo‚Äù) Ya se han desplazado las comunidades para ponerse a salvo y las que no han podido",1.888320097430684e+18,https://x.com/NubiaCarolinaCC/status/1888320097430683985,46.0,423,524,53996,17,,False,,,,,es
Puerto Rico (tsunami OR sismo OR terremoto OR Caribe OR alerta OR aviso OR evacuaci√≥n OR costa OR alert OR advisory OR advertencia) min_retweets:5,https://x.com/search?q=Puerto Rico (tsunami OR sismo OR terremoto OR Caribe OR alerta OR aviso OR evacuaci√≥n OR costa OR alert OR advisory OR advertencia) min_retweets:5 until:2025-02-09 since:2025-02-08&src=typed_query,BNO News,https://x.com/BNONews,BNONews,True,2025-02-08 23:35:21+00:00,False,BREAKING: Tsunami Warning Center issues tsunami alert for coastlines along the Caribbean Sea https://t.co/xxnPWLkTKH,1.8883710695992847e+18,https://x.com/BNONews/status/1888371069599285279,62.0,972,2614,343018,138,https://pbs.twimg.com/media/GjTXcacWoAASG14.jpg,False,,,,,en
Puerto Rico (tsunami OR sismo OR terremoto OR Caribe OR alerta OR aviso OR evacuaci√≥n OR costa OR alert OR advisory OR advertencia) min_retweets:5,https://x.com/search?q=Puerto Rico (tsunami OR sismo OR terremoto OR Caribe OR alerta OR aviso OR evacuaci√≥n OR costa OR alert OR advisory OR advertencia) min_retweets:5 until:2025-02-09 since:2025-02-08&src=typed_query,RT √öltima Hora,https://x.com/RTultimahora,RTultimahora,False,2025-02-08 23:43:36+00:00,False,#√öLTIMAHORA ‚ùóÔ∏èAlerta de tsunami tras un fort√≠simo sismo en el Caribe,1.8883731436660367e+18,https://x.com/RTultimahora/status/1888373143666037235,5.0,117,324,14830,2,,False,,,,,es
Puerto Rico (tsunami OR sismo OR terremoto OR Caribe OR alerta OR aviso OR evacuaci√≥n OR costa OR alert OR advisory OR advertencia) min_retweets:5,https://x.com/search?q=Puerto Rico (tsunami OR sismo OR terremoto OR Caribe OR alerta OR aviso OR evacuaci√≥n OR costa OR alert OR advisory OR advertencia) min_retweets:5 until:2025-02-09 since:2025-02-08&src=typed_query,Servicio Geol√≥gico Colombiano,https://x.com/sgcol,sgcol,True,2025-02-08 23:27:43+00:00,False,"#SismosColombiaSGC Evento S√≠smico Internacional - Bolet√≠n Preliminar, 2025-02-08, 18:23 hora local. Magnitud 7.9. #NoticiaEnDesarrollo #Temblor #Sismo M√°s informaci√≥n: https://t.co/h4VVP0556L https://t.co/OjciS6YxmL",1.8883691457181983e+18,https://x.com/sgcol/status/1888369145718198649,31.0,262,902,110934,18,https://pbs.twimg.com/media/GjTVu2RXEAADb-W.jpg,False,,,,,es
Puerto Rico (tsunami OR sismo OR terremoto OR Caribe OR alerta OR aviso OR evacuaci√≥n OR costa OR alert OR advisory OR advertencia) min_retweets:5,https://x.com/search?q=Puerto Rico (tsunami OR sismo OR terremoto OR Caribe OR alerta OR aviso OR evacuaci√≥n OR costa OR alert OR advisory OR advertencia) min_retweets:5 until:2025-02-09 since:2025-02-08&src=typed_query,Volcaholic üåã,https://x.com/volcaholic1,volcaholic1,True,2025-02-08 23:39:40+00:00,False,Tsunami warnings so far. The event is being reviewed to determine threat for the US and Canada. https://t.co/ZcNqjpn91R,1.888372154409923e+18,https://x.com/volcaholic1/status/1888372154409923035,24.0,251,1050,67051,37,https://pbs.twimg.com/media/GjTYXRZWIAAvurD.jpg,False,,,,,en
Puerto Rico (tsunami OR sismo OR terremoto OR Caribe OR alerta OR aviso OR evacuaci√≥n OR costa OR alert OR advisory OR advertencia) min_retweets:5,https://x.com/search?q=Puerto Rico (tsunami OR sismo OR terremoto OR Caribe OR alerta OR aviso OR evacuaci√≥n OR costa OR alert OR advisory OR advertencia) min_retweets:5 until:2025-02-09 since:2025-02-08&src=typed_query,NWS Tsunami Alerts,https://x.com/NWS_NTWC,NWS_NTWC,False,2025-02-08 23:48:15+00:00,False,Tsunami Info Stmt 2: M7.6 Caribbean Sea 1823EST Feb 8: Tsunami NOT expected; U.S. Atlantic or Gulf Coast,1.888374314208236e+18,https://x.com/NWS_NTWC/status/1888374314208235735,31.0,619,1368,354568,59,,False,,,,,en
Puerto Rico (tsunami OR sismo OR terremoto OR Caribe OR alerta OR aviso OR evacuaci√≥n OR costa OR alert OR advisory OR advertencia) min_retweets:5,https://x.com/search?q=Puerto Rico (tsunami OR sismo OR terremoto OR Caribe OR alerta OR aviso OR evacuaci√≥n OR costa OR alert OR advisory OR advertencia) min_retweets:5 until:2025-02-09 since:2025-02-08&src=typed_query,CGTN Espa√±ol,https://x.com/cgtnenespanol,cgtnenespanol,True,2025-02-08 23:46:12+00:00,False,"Aviso de tsunami para Puerto Rico y las Islas V√≠rgenes, magnitud revisada a 7,6 - USGS/PTWC",1.8883737979691213e+18,https://x.com/cgtnenespanol/status/1888373797969121360,0.0,13,14,1726,1,,False,,,,,es
Puerto Rico (tsunami OR sismo OR terremoto OR Caribe OR alerta OR aviso OR evacuaci√≥n OR costa OR alert OR advisory OR advertencia) min_retweets:5,https://x.com/search?q=Puerto Rico (tsunami OR sismo OR terremoto OR Caribe OR alerta OR aviso OR evacuaci√≥n OR costa OR alert OR advisory OR advertencia) min_retweets:5 until:2025-02-09 since:2025-02-08&src=typed_query,Outbreak Updates,https://x.com/outbreakupdates,outbreakupdates,True,2025-02-08 23:48:17+00:00,False,Tsunami advisory for Puerto Rico,1.888374321783153e+18,https://x.com/outbreakupdates/status/1888374321783152741,4.0,84,242,13571,4,,False,,,,,es
Puerto Rico (tsunami OR sismo OR terremoto OR Caribe OR alerta OR aviso OR evacuaci√≥n OR costa OR alert OR advisory OR advertencia) min_retweets:5,https://x.com/search?q=Puerto Rico (tsunami OR sismo OR terremoto OR Caribe OR alerta OR aviso OR evacuaci√≥n OR costa OR alert OR advisory OR advertencia) min_retweets:5 until:2025-02-09 since:2025-02-08&src=typed_query,Sismologico Nacional,https://x.com/SismologicoMX,SismologicoMX,True,2025-02-08 23:15:06+00:00,False,"SISMO Magnitud 4.0 Loc  127 km al SUROESTE de TONALA, CHIS 08/02/25 16:53:13 Lat 15.10 Lon -94.36 Pf 21 km https://t.co/TfkKL5Veu7",1.8883659703324595e+18,https://x.com/SismologicoMX/status/1888365970332459337,15.0,34,304,40700,3,https://pbs.twimg.com/media/GjTS2BWakAAE9LK.png,False,,,,,es
Puerto Rico (tsunami OR sismo OR terremoto OR Caribe OR alerta OR aviso OR evacuaci√≥n OR costa OR alert OR advisory OR advertencia) min_retweets:5,https://x.com/search?q=Puerto Rico (tsunami OR sismo OR terremoto OR Caribe OR alerta OR aviso OR evacuaci√≥n OR costa OR alert OR advisory OR advertencia) min_retweets:5 until:2025-02-09 since:2025-02-08&src=typed_query,Insider Paper,https://x.com/TheInsiderPaper,TheInsiderPaper,True,2025-02-08 23:37:15+00:00,False,BREAKING: 8.0 magnitude earthquake hits the Caribbean Sea; Tsunami warning issued,1.8883715461773809e+18,https://x.com/TheInsiderPaper/status/1888371546177380565,59.0,412,1209,135936,53,,False,,,,,en
Puerto Rico (tsunami OR sismo OR terremoto OR Caribe OR alerta OR aviso OR evacuaci√≥n OR costa OR alert OR advisory OR advertencia) min_retweets:5,https://x.com/search?q=Puerto Rico (tsunami OR sismo OR terremoto OR Caribe OR alerta OR aviso OR evacuaci√≥n OR costa OR alert OR advisory OR advertencia) min_retweets:5 until:2025-02-09 since:2025-02-08&src=typed_query,Roger Garc√≠a,https://x.com/RogerAderly,RogerAderly,True,2025-02-08 23:40:14+00:00,False,#LO√öLTIMO Terremoto de 8.0 en el Mar del Caribe,1.8883722965299448e+18,https://x.com/RogerAderly/status/1888372296529944739,6.0,19,346,28159,9,,False,,,,,es
Puerto Rico (tsunami OR sismo OR terremoto OR Caribe OR alerta OR aviso OR evacuaci√≥n OR costa OR alert OR advisory OR advertencia) min_retweets:5,https://x.com/search?q=Puerto Rico (tsunami OR sismo OR terremoto OR Caribe OR alerta OR aviso OR evacuaci√≥n OR costa OR alert OR advisory OR advertencia) min_retweets:5 until:2025-02-09 since:2025-02-08&src=typed_query,Agust√≠n Antonetti,https://x.com/agusantonetti,agusantonetti,True,2025-02-08 23:39:46+00:00,False,"Atenci√≥n. Se acaba de producir un terremoto de 8 grados en el Mar Caribe.

Hay alerta de tsunami para varios pa√≠ses de Centroam√©rica. Muy fuerte. https://t.co/Er5qnZaUdS",1.8883721791059643e+18,https://x.com/agusantonetti/status/1888372179105964295,42.0,929,2232,142436,57,https://pbs.twimg.com/media/GjTYfHwWoAAf-oR.jpg,False,,,,,es
Puerto Rico (tsunami OR sismo OR terremoto OR Caribe OR alerta OR aviso OR evacuaci√≥n OR costa OR alert OR advisory OR advertencia) min_retweets:5,https://x.com/search?q=Puerto Rico (tsunami OR sismo OR terremoto OR Caribe OR alerta OR aviso OR evacuaci√≥n OR costa OR alert OR advisory OR advertencia) min_retweets:5 until:2025-02-09 since:2025-02-08&src=typed_query,Servicio Geol√≥gico Colombiano,https://x.com/sgcol,sgcol,True,2025-02-08 23:37:55+00:00,False,"#SismosColombiaSGC Evento S√≠smico Internacional - Bolet√≠n Actualizado 1, 2025-02-08, 18:23 hora local. Magnitud 8.0, profundidad 33 km,  George Town, Cayman Islands #NoticiaEnDesarrollo #Temblor #Sismo M√°s informaci√≥n: https://t.co/h4VVP0556L https://t.co/bY2ezQCoDE",1.8883717140959887e+18,https://x.com/sgcol/status/1888371714095989195,29.0,221,586,72314,12,https://pbs.twimg.com/media/GjTYETjWMAARDWe.jpg,False,,,,,es
Puerto Rico (tsunami OR sismo OR terremoto OR Caribe OR alerta OR aviso OR evacuaci√≥n OR costa OR alert OR advisory OR advertencia) min_retweets:5,https://x.com/search?q=Puerto Rico (tsunami OR sismo OR terremoto OR Caribe OR alerta OR aviso OR evacuaci√≥n OR costa OR alert OR advisory OR advertencia) min_retweets:5 until:2025-02-09 since:2025-02-08&src=typed_query,War Monitor,https://x.com/WarMonitors,WarMonitors,True,2025-02-08 23:38:58+00:00,False,‚ö°#BREAKING U.S. Tsunami Warning System says there is a tsunami threat in the caribbean sea &amp; north of Honduras after earthquake,1.8883719767811448e+18,https://x.com/WarMonitors/status/1888371976781144451,14.0,90,667,87851,25,,False,,,,,en
Puerto Rico (tsunami OR sismo OR terremoto OR Caribe OR alerta OR aviso OR evacuaci√≥n OR costa OR alert OR advisory OR advertencia) min_retweets:5,https://x.com/search?q=Puerto Rico (tsunami OR sismo OR terremoto OR Caribe OR alerta OR aviso OR evacuaci√≥n OR costa OR alert OR advisory OR advertencia) min_retweets:5 until:2025-02-09 since:2025-02-08&src=typed_query,üíôP r e z z i Ô£øüê¶,https://x.com/Pretzzi,Pretzzi,False,2025-02-08 23:44:05+00:00,False,@EnsedeCiencia Viene un desastre natural!!!! Esos animalitos no salen a la superficie a menos que algo muy grave este pasando en el fondo del oceano; podria se por un terremoto q trae como consequence un Tsunamiüò≠üíîü•πüò≠ü•πüíîüåçüåéüåè @Weather_Earth25,1.8883732643697505e+18,https://x.com/Pretzzi/status/1888373264369750442,13.0,9,246,32726,4,,True,EnsedeCiencia,https://x.com/EnsedeCiencia,Ens√©√±ame de Ciencia,EnsedeCiencia,es
Puerto Rico (tsunami OR sismo OR terremoto OR Caribe OR alerta OR aviso OR evacuaci√≥n OR costa OR alert OR advisory OR advertencia) min_retweets:5,https://x.com/search?q=Puerto Rico (tsunami OR sismo OR terremoto OR Caribe OR alerta OR aviso OR evacuaci√≥n OR costa OR alert OR advisory OR advertencia) min_retweets:5 until:2025-02-09 since:2025-02-08&src=typed_query,Mundo en Conflicto üåé,https://x.com/MundoEConflicto,MundoEConflicto,True,2025-02-08 23:30:30+00:00,False,‚ùó Informes iniciales de un fuerte terremoto en el Mar Caribe.,1.888369845843944e+18,https://x.com/MundoEConflicto/status/1888369845843943771,9.0,150,1410,127286,17,,False,,,,,es
Puerto Rico (tsunami OR sismo OR terremoto OR Caribe OR alerta OR aviso OR evacuaci√≥n OR costa OR alert OR advisory OR advertencia) min_retweets:5,https://x.com/search?q=Puerto Rico (tsunami OR sismo OR terremoto OR Caribe OR alerta OR aviso OR evacuaci√≥n OR costa OR alert OR advisory OR advertencia) min_retweets:5 until:2025-02-09 since:2025-02-08&src=typed_query,BluRadio Colombia,https://x.com/BluRadioCo,BluRadioCo,True,2025-02-08 23:57:28+00:00,False,"#Atenci√≥n El Sistema de Alerta de Tsunamis de Estados Unidos acaba de emitir una posible alerta de tsunami en las costas de San Andr√©s y Providencia, Jamaica, Cuba, M√©xico, Honduras, Bahamas, Belice, Hait√≠, Costa Rica, Panam√°, Nicaragua, Guatemala y las Islas Caim√°n, luego del",1.8883766339978363e+18,https://x.com/BluRadioCo/status/1888376633997836597,29.0,340,729,143765,21,,False,,,,,es
Puerto Rico (tsunami OR sismo OR terremoto OR Caribe OR alerta OR aviso OR evacuaci√≥n OR costa OR alert OR advisory OR advertencia) min_retweets:5,https://x.com/search?q=Puerto Rico (tsunami OR sismo OR terremoto OR Caribe OR alerta OR aviso OR evacuaci√≥n OR costa OR alert OR advisory OR advertencia) min_retweets:5 until:2025-02-09 since:2025-02-08&src=typed_query,Alerta News 24,https://x.com/AlertaNews24,AlertaNews24,True,2025-02-08 23:51:38+00:00,False,"üåé | AHORA: USGS: ""Terremoto notable, informaci√≥n preliminar: M 7,6 - 209 km al SSO de George Town, Islas Caim√°n"".

La USGS no especifica si es otro sismo o es sismo de magnitud 8 corregido. https://t.co/A0vZqBPfRC",1.888375166100464e+18,https://x.com/AlertaNews24/status/1888375166100463987,18.0,147,864,173674,36,https://pbs.twimg.com/media/GjTbM-OWUAANzbg.jpg,False,,,,,es
Puerto Rico (tsunami OR sismo OR terremoto OR Caribe OR alerta OR aviso OR evacuaci√≥n OR costa OR alert OR advisory OR advertencia) min_retweets:5,https://x.com/search?q=Puerto Rico (tsunami OR sismo OR terremoto OR Caribe OR alerta OR aviso OR evacuaci√≥n OR costa OR alert OR advisory OR advertencia) min_retweets:5 until:2025-02-09 since:2025-02-08&src=typed_query,Servicio Geol√≥gico Colombiano,https://x.com/sgcol,sgcol,True,2025-02-08 23:53:17+00:00,False,"#SismosColombiaSGC Evento S√≠smico - Bolet√≠n Preliminar, 2025-02-08, 18:40 hora local. Magnitud 4.3. #NoticiaEnDesarrollo #Temblor #Sismo ¬øSinti√≥ este sismo? rep√≥rtelo https://t.co/pgC7OC2O7j M√°s informaci√≥n: https://t.co/h4VVP0556L https://t.co/ustEZkZLPK",1.8883755828297933e+18,https://x.com/sgcol/status/1888375582829793292,3.0,66,355,31791,6,https://pbs.twimg.com/media/GjTbljTWUAEi_VA.jpg,False,,,,,es
Puerto Rico (tsunami OR sismo OR terremoto OR Caribe OR alerta OR aviso OR evacuaci√≥n OR costa OR alert OR advisory OR advertencia) min_retweets:5,https://x.com/search?q=Puerto Rico (tsunami OR sismo OR terremoto OR Caribe OR alerta OR aviso OR evacuaci√≥n OR costa OR alert OR advisory OR advertencia) min_retweets:5 until:2025-02-09 since:2025-02-08&src=typed_query,The Spectator Index,https://x.com/spectatorindex,spectatorindex,True,2025-02-08 23:38:06+00:00,False,BREAKING: Tsunami alert issued after massive earthquake in the Caribbean Sea,1.8883717615213243e+18,https://x.com/spectatorindex/status/1888371761521324436,85.0,1330,5158,849134,185,,False,,,,,en
Puerto Rico (tsunami OR sismo OR terremoto OR Caribe OR alerta OR aviso OR evacuaci√≥n OR costa OR alert OR advisory OR advertencia) min_retweets:5,https://x.com/search?q=Puerto Rico (tsunami OR sismo OR terremoto OR Caribe OR alerta OR aviso OR evacuaci√≥n OR costa OR alert OR advisory OR advertencia) min_retweets:5 until:2025-02-09 since:2025-02-08&src=typed_query,Centro Sismol√≥gico Nacional,https://x.com/Sismos_Peru_IGP,Sismos_Peru_IGP,True,2025-02-08 14:19:12+00:00,False,"REPORTE S√çSMICO
IGP/CENSIS/RS 2025-0101
Fecha y Hora Local: 08/02/2025 09:12:54
Magnitud: 3.9
Profundidad: 100km
Latitud: -4.77
Longitud: -79.76
Intensidad: III Ayabaca
Referencia: 15 km al S de Ayabaca, Ayabaca - Piura",1.8882311064591483e+18,https://x.com/Sismos_Peru_IGP/status/1888231106459148291,1.0,28,233,18668,4,,False,,,,,es
Puerto Rico (tsunami OR sismo OR terremoto OR Caribe OR alerta OR aviso OR evacuaci√≥n OR costa OR alert OR advisory OR advertencia) min_retweets:5,https://x.com/search?q=Puerto Rico (tsunami OR sismo OR terremoto OR Caribe OR alerta OR aviso OR evacuaci√≥n OR costa OR alert OR advisory OR advertencia) min_retweets:5 until:2025-02-09 since:2025-02-08&src=typed_query,The Spectator Index,https://x.com/spectatorindex,spectatorindex,True,2025-02-08 23:40:45+00:00,False,BREAKING: Tsunami alert for coastlines along the Caribbean Sea,1.8883724269308887e+18,https://x.com/spectatorindex/status/1888372426930888722,63.0,553,2380,573696,63,,False,,,,,en
Puerto Rico (tsunami OR sismo OR terremoto OR Caribe OR alerta OR aviso OR evacuaci√≥n OR costa OR alert OR advisory OR advertencia) min_retweets:5,https://x.com/search?q=Puerto Rico (tsunami OR sismo OR terremoto OR Caribe OR alerta OR aviso OR evacuaci√≥n OR costa OR alert OR advisory OR advertencia) min_retweets:5 until:2025-02-09 since:2025-02-08&src=typed_query,Alerta News 24,https://x.com/AlertaNews24,AlertaNews24,True,2025-02-08 23:39:31+00:00,False,üá∞üáæ | URGENTE: ALERTA DE TSUNAMI PARA ISLAS CAIM√ÅN.,1.888372116694917e+18,https://x.com/AlertaNews24/status/1888372116694917460,25.0,290,3351,391537,53,,False,,,,,es
Puerto Rico (tsunami OR sismo OR terremoto OR Caribe OR alerta OR aviso OR evacuaci√≥n OR costa OR alert OR advisory OR advertencia) min_retweets:5,https://x.com/search?q=Puerto Rico (tsunami OR sismo OR terremoto OR Caribe OR alerta OR aviso OR evacuaci√≥n OR costa OR alert OR advisory OR advertencia) min_retweets:5 until:2025-02-09 since:2025-02-08&src=typed_query,Alerta News 24,https://x.com/AlertaNews24,AlertaNews24,True,2025-02-08 23:40:50+00:00,False,üåé | URGENTE: El Centro de Alerta de Tsunamis emite alerta de tsunami para las costas del Mar Caribe.,1.8883724487537748e+18,https://x.com/AlertaNews24/status/1888372448753774799,50.0,575,3924,541184,80,,False,,,,,es
Puerto Rico (tsunami OR sismo OR terremoto OR Caribe OR alerta OR aviso OR evacuaci√≥n OR costa OR alert OR advisory OR advertencia) min_retweets:5,https://x.com/search?q=Puerto Rico (tsunami OR sismo OR terremoto OR Caribe OR alerta OR aviso OR evacuaci√≥n OR costa OR alert OR advisory OR advertencia) min_retweets:5 until:2025-02-09 since:2025-02-08&src=typed_query,Alerta News 24,https://x.com/AlertaNews24,AlertaNews24,True,2025-02-08 23:36:15+00:00,False,"üåé | URGENTE: USGS: ""Un terremoto de magnitud 8,0 sacude las Islas Caim√°n"".",1.8883712952150387e+18,https://x.com/AlertaNews24/status/1888371295215038612,50.0,884,7584,830556,160,,False,,,,,es
